round,persons_alive,farms_open,bakeries_open,money_in_circulation,money_in_dead_balances,outstanding_debt,peer_lent,government_debt,termination,government_peer_debt,government_bank_debt,bonds_outstanding,government_arrears,bonds_issued,coupons,bond_rate,government_cash,government_reserve_target,surplus_redistributed,tax_scale,government_outlay,tax_shortfall,tax_policy_step,consumption_tax,consumption_tax_scale,wealth_tax,wealth_tax_base,wealth_tax_scale,clearing_residue,negative_wealth_persons,zero_cash_persons,wealth_gap_meals,wealth_bottom10_meals,wealth_top10_meals,cash_gap_meals,cash_bottom10_meals,cash_top10_meals,invoices_issued,invoices_paid,invoices_open,invoices_overdue,liquidations,refoundings,bad_debt,bank_bailouts,profit_tax,profit_tax_scale,parking_tax_scale,income_tax_accrued,income_tax_charged,wealth_tax_arrears,consumption_tax_rate_now,bracket_top_rate,bracket_bottom_rate,bank_retained_interest,cumulative_interest_paid,cumulative_write_offs,cumulative_credit_refusals,money_created,money_destroyed,credit_demand,tax,enterprise_tax,deposit_interest,buffer_pool,insurance_premiums,insurance_payouts,missed_payments,cash_banks,gi_created,demurrage_destroyed,demurrage_tax,account_fees,fees,trade_arrears,interest_rate,price_bread,price_grain,price_ticket,price_rent,price_wage,wage_bid_producers,bread_baked,bread_sold,grain_harvested,labour_offered,labour_sold,government_labour,unemployed,hungry,without_bread,half_meals,gluttons,bread_stocked,total_capacity,cash_persons,cash_farms,cash_bakeries,land_persons,land_farms,land_banks,landholders,gini_cash_persons,gini_net_wealth_persons,gini_income_persons,persons_below_meal,persons_income,bread_bill,gluttony_attempted,gluttony_refused,tickets_sold,n_greedy,hungry_greedy,hungry_others,cash_greedy,land_greedy,wealth_greedy,wealth_persons,bread_greedy,greedy_loaves,greedy_tickets,ration,tier_multiplier,tier_sold,tier_revenue,n_consumers,n_hoarders,wealth_hoarders,land_hoarders,shares_hoarders,greedy_land,greedy_shares,ticket_revenue,theatre_labour,cash_theatres,theatres_open,dividends,dividend_income_persons,share_price_mean,share_units_per_firm,founders_stake_pct,book_per_unit_mean,share_trades,share_trades_deferred,share_contracts_outstanding,share_seizures,share_volume,founders_stake_mean,outside_holders,forward_value_mean,coop_worker_open,coop_consumer_open,coop_member_open,coop_retained_reserve,coop_buffer_pledged,buffer_pledged_persons,patronage_wages,rebates,membership_capital,reserved_labour,coop_worker_hours,coop_members_worker,coop_members_consumer,worker_members,unemployed_members,unemployed_nonmembers,rebate_income_persons,coop_open,forprofit_open,cash_coops,coop_members,coop_capital,founder_capital,founder_debt,reserve_shortfall_owned,reserve_shortfall_coops,reserve_shortfall_forprofit,dividends_coops,dividends_forprofit,founders_cash,cash_forprofit,gini_net_wealth_all,n_workers,wealth_workers,n_landowners,wealth_landowners,n_farms,wealth_farms,n_bakeries,wealth_bakeries,n_banks,wealth_banks,wealth_government,land_price,deaths,closures,production_target_farms,production_target_bakeries,rung,system,seed,identity
1,512,4,4,21690.824000000022,0.0,21800.719999999998,0.0,0.0,,0.0,0.0,0.0,0.0,0.0,0.0,0.0025,0.0,0.0,0.0,1.0,0.0,0.0,0.0,0.0,1.0,0.0,0.0,1.0,0.0,0,0,8.097176470588238,2.372549019607843,10.46972549019608,2.0366274509803914,2.5578431372549018,4.594470588235294,0.0,0.0,0.0,0.0,0,0,0.0,0.0,0.0,1.0,1.0,0.0,0.0,0.0,0.0,0.5,0.25,109.89599999999999,109.896,0.0,2,187.84,476.21600000000007,862.4401999999999,0.0,0.0,0.0,0.0,0.0,0.0,0,0.0,0.0,0.0,0.0,0.0,0.0,0.0,0.005,5.0,5.200000000000013,NaN,0.75,3.9199999999999995,3.920000000000001,320.0,91.0,160.0,2048.0,322.0,0.0,431,0,0,0,51,40.0,2048.0,16467.240000000016,2111.432,3112.152,768,0,0,128,0.08068220315760244,0.2990609870968468,0.8296989284603244,0,1382.24,455.0,51,0,0.0,0,0,0,0.0,0,0.0,24927.240000000023,0.0,0,0,0,1.5,0,0.0,0,0,0.0,0,0.0,0,0,0.0,0.0,0.0,0,0.0,0.0,NaN,5120.0,NaN,NaN,0,0,0.0,0,0.0,NaN,0,NaN,0,0,0,0.0,0.0,0.0,0.0,0.0,0.0,0.0,0.0,0,0,0,0,431,0.0,0,0,0.0,0,0.0,0.0,0.0,0.0,0.0,0.0,0.0,0.0,0.0,0.0,2.7658566251596417,384,12165.680000000011,128,12761.560000000003,4,-7644.808,4,-8744.488,2,102.05600000000064,0.0,11.25,0,0,160,160,1 + planning margin,debt,3,9.094947017729282e-13
2,512,4,4,22320.724599999972,0.0,22488.75299999992,0.0,0.0,,0.0,0.0,0.0,0.0,0.0,0.0,0.0025,0.0,0.0,0.0,1.0,0.0,0.0,0.0,0.0,1.0,0.0,0.0,1.0,0.0,0,0,9.296485490196076,1.567459607843137,10.863945098039213,2.2839550980392165,1.89856431372549,4.182519411764707,0.0,0.0,0.0,0.0,0,0,0.0,0.0,0.0,1.0,1.0,0.0,0.0,0.0,0.0,0.5,0.25,168.02840000000003,218.88000000000002,0.0,4,1114.5966000000003,484.69599999999997,3130.342199999999,0.0,0.0,0.0,0.0,0.0,0.0,0,0.0,0.0,0.0,0.0,0.0,0.0,0.0,0.005006126345170267,4.8457114661654375,5.527870419426028,NaN,1.126551876379691,3.61489339207045,3.8023999999999996,906.0,1064.0,453.0,2048.0,908.0,0.0,285,0,0,0,51,29.0,2048.0,16157.899199999953,2275.1465,3887.6789,768,0,0,128,0.10961087780791212,0.3537245434866272,0.5479836911726157,0,3792.651199999982,5155.837000000025,51,0,0.0,0,0,0,0.0,0,0.0,23563.154200000037,0.0,0,0,0,1.5,0,0.0,0,0,0.0,0,0.0,0,0,0.0,0.0,0.0,0,0.0,0.0,NaN,5120.0,NaN,NaN,0,0,0.0,0,0.0,NaN,0,NaN,0,0,0,0.0,0.0,0.0,0.0,0.0,0.0,0.0,0.0,0,0,0,0,285,0.0,0,0,0.0,0,0.0,0.0,0.0,0.0,0.0,0.0,0.0,0.0,0.0,0.0,2.7179920846193415,384,10732.415799999972,128,12830.73839999999,4,-7315.733499999999,4,-7768.0010999999995,2,160.58040000000105,0.0,11.25,0,0,453,453,1 + planning margin,debt,3,9.094947017729282e-13
3,512,4,4,22489.794999999987,0.0,22691.226099999963,0.0,0.0,,0.0,0.0,0.0,0.0,0.0,0.0,0.0025,0.0,0.0,0.0,1.0,0.0,0.0,0.0,0.0,1.0,0.0,0.0,1.0,0.0,0,0,13.011950952411395,1.620393591064362,14.632344543475757,2.4364481030783773,2.0563736010349363,4.492821704113314,0.0,0.0,0.0,0.0,0,0,0.0,0.0,0.0,1.0,1.0,0.0,0.0,0.0,0.0,0.5,0.25,201.43110000000007,331.2902999999999,0.0,9,710.3803,541.3099000000004,5349.486499999995,0.0,0.0,0.0,0.0,0.0,0.0,0,0.0,0.0,0.0,0.0,0.0,0.0,0.0,0.006633873550114706,4.744814405986943,5.473274211502784,NaN,1.3367391465677174,3.2243175000000006,3.6883279999999994,1078.0,1069.0,539.0,2048.0,1080.0,0.0,242,0,0,0,43,31.0,2048.0,15851.48410000003,2644.4561,3993.8548,768,0,0,128,0.12084075285171147,0.4364779810791717,0.475570225165574,1,4202.765300000008,5072.206600000041,43,0,0.0,0,0,0,0.0,0,0.0,27025.43161589401,0.0,0,0,0,1.5,0,0.0,0,0,0.0,0,0.0,0,0,0.0,0.0,0.0,0,0.0,0.0,NaN,5120.0,NaN,NaN,0,0,0.0,0,0.0,NaN,0,NaN,0,0,0,0.0,0.0,0.0,0.0,0.0,0.0,0.0,0.0,0,0,0,0,242,0.0,0,0,0.0,0,0.0,0.0,0.0,0.0,0.0,0.0,0.0,0.0,0.0,0.0,2.014500326785715,384,9593.83890000002,128,17431.592715894043,4,-6781.063900000001,4,-7460.865199999999,2,194.37509999999978,0.0,16.898278145695365,0,0,539,539,1 + planning margin,debt,3,9.094947017729282e-13
4,512,4,4,23212.247299999988,0.0,23431.708000000006,0.0,0.0,,0.0,0.0,0.0,0.0,0.0,0.0,0.0025,0.0,0.0,0.0,1.0,0.0,0.0,0.0,0.0,1.0,0.0,0.0,1.0,0.0,0,0,16.300116022125046,1.0001998685364595,17.300315890661505,3.755099043860203,1.4233741302736127,5.178473174133815,0.0,0.0,0.0,0.0,0,0,0.0,0.0,0.0,1.0,1.0,0.0,0.0,0.0,0.0,0.5,0.25,219.46070000000014,445.5876999999991,0.0,21,1297.2179,574.765599999999,3524.0410999999967,0.0,0.0,0.0,0.0,0.0,0.0,0,0.0,0.0,0.0,0.0,0.0,0.0,0.0,0.007006636122111097,4.575638868613187,5.347277861163227,NaN,1.4367898686679166,3.0018243445692865,3.5776781599999987,1066.0,1096.0,533.0,2048.0,1068.0,0.0,245,0,0,2,59,46.0,2048.0,15318.90249999998,3517.3376999999996,4376.0071,768,0,0,128,0.1710572259475469,0.5075606120924225,0.47946379449765075,5,3971.757400000023,5014.900200000053,59,0,0.0,0,0,0,0.0,0,0.0,28393.767568460098,0.0,0,0,0,1.5,0,0.0,0,0,0.0,0,0.0,0,0,0.0,0.0,0.0,0,0.0,0.0,NaN,5120.0,NaN,NaN,0,0,0.0,0,0.0,NaN,0,NaN,0,0,0,0.0,0.0,0.0,0.0,0.0,0.0,0.0,0.0,0,0,0,0,245,0.0,0,0,0.0,0,0.0,0.0,0.0,0.0,0.0,0.0,0.0,0.0,0.0,0.0,1.8010085763023753,384,8231.173600000004,128,20162.593968460114,4,-6329.5764,4,-6877.7528999999995,2,212.79669999999783,0.0,20.051087198515763,0,0,533,533,1 + planning margin,debt,3,9.094947017729282e-13
5,512,4,4,23463.01389999999,0.0,23696.70189999998,0.0,0.0,,0.0,0.0,0.0,0.0,0.0,0.0,0.0025,0.0,0.0,0.0,1.0,0.0,0.0,0.0,0.0,1.0,0.0,0.0,1.0,0.0,0,0,18.295258746371484,0.9443005786604213,19.239559325031905,4.406425708856024,1.3793372249940532,5.785762933850077,0.0,0.0,0.0,0.0,0,0,0.0,0.0,0.0,1.0,1.0,0.0,0.0,0.0,0.0,0.5,0.25,233.6880000000001,565.7930999999994,0.0,137,891.4877,640.7211000000007,4810.718099999994,0.0,0.0,0.0,0.0,0.0,0.0,0,0.0,0.0,0.0,0.0,0.0,0.0,0.0,0.008497318587132718,4.453380055917988,5.263565862708716,NaN,1.5727816326530613,2.9395083641975956,3.4703478152,1078.0,1073.0,539.0,2045.3333333333333,1080.0,0.0,241,0,0,0,56,39.0,2048.0,14608.462099999995,4311.6233,4542.9285,768,0,0,128,0.226107909896043,0.5497238472553987,0.4857784256413791,7,4022.3983000000003,4778.4768,56,0,0.0,0,0,0,0.0,0,0.0,28776.684487054456,0.0,0,0,0,1.5,0,0.0,0,0,0.0,0,0.0,0,0,0.0,0.0,0.0,0,0.0,0.0,NaN,5120.0,NaN,NaN,0,0,0.0,0,0.0,NaN,0,NaN,0,0,0,0.0,0.0,0.0,0.0,0.0,0.0,0.0,0.0,0,0,0,0,241,0.0,0,0,0.0,0,0.0,0.0,0.0,0.0,0.0,0.0,0.0,0.0,0.0,0.0,1.71564550987137,384,6956.009899999995,128,21820.674587054415,4,-5942.4097,4,-6509.871499999999,2,227.4160000000001,0.0,21.55184803001875,0,0,539,539,1 + planning margin,debt,3,9.094947017729282e-13
6,512,4,4,23054.44610000003,0.0,23298.52200000001,0.0,0.0,,0.0,0.0,0.0,0.0,0.0,0.0,0.0025,0.0,0.0,0.0,1.0,0.0,0.0,0.0,0.0,1.0,0.0,0.0,1.0,0.0,11,2,21.63376627720802,0.2333235471317439,21.867089824339764,5.9685707017455805,0.7097983825978957,6.678369084343476,0.0,0.0,0.0,0.0,0,0,0.0,0.0,0.0,1.0,1.0,0.0,0.0,0.0,0.0,0.5,0.25,244.07590000000022,689.6556000000004,0.0,259,274.5999,683.1676999999988,3946.2785999999983,0.0,0.0,0.0,0.0,0.0,0.0,1,0.0,0.0,0.0,0.0,0.0,0.0,1.4478,0.008315237554875456,4.346024037558664,5.205897217068664,NaN,1.6274089053803344,2.85959805555556,3.3662373807439994,1078.0,1065.0,539.0,2048.0,1080.0,0.0,241,0,0,1,50,31.0,2048.0,13960.560200000005,4454.0776000000005,4639.8083,768,0,0,128,0.31017697266971944,0.608324081864795,0.4836892774879795,34,3965.5393000000254,4628.515599999977,50,0,0.0,0,0,0,0.0,0,0.0,29667.447108163276,0.0,0,0,0,1.5,0,0.0,0,0,0.0,0,0.0,0,0,0.0,0.0,0.0,0,0.0,0.0,NaN,5120.0,NaN,NaN,0,0,0.0,0,0.0,NaN,0,NaN,0,0,0,0.0,0.0,0.0,0.0,0.0,0.0,0.0,0.0,0,0,0,0,241,0.0,0,0,0.0,0,0.0,0.0,0.0,0.0,0.0,0.0,0.0,0.0,0.0,0.0,1.653564796827683,384,5700.481700000003,128,23966.965408163276,4,-5575.1669,4,-6212.0317000000005,2,238.19589999999982,0.0,23.59172448979592,0,0,539,539,1 + planning margin,debt,3,9.094947017729282e-13
7,512,4,4,22523.941499999994,0.0,22771.474800000076,0.0,0.0,,0.0,0.0,0.0,0.0,0.0,0.0,0.0025,0.0,0.0,0.0,1.0,0.0,0.0,0.0,0.0,1.0,0.0,0.0,1.0,0.0,9,1,23.17194211041507,0.23597656042824533,23.407918670843316,6.53569470141855,0.7524583234061719,7.288153024824721,0.0,0.0,0.0,0.0,0,0,0.0,0.0,0.0,1.0,1.0,0.0,0.0,0.0,0.0,0.5,0.25,247.5333,811.8517000000004,0.0,422,161.9916,692.4961999999992,5033.444100000007,0.0,0.0,0.0,0.0,0.0,0.0,1,0.0,0.0,0.0,0.0,0.0,0.0,0.0,0.009264558282526933,4.251617307692315,5.123400936329584,NaN,1.5929299625468172,2.803919532710278,3.2652502593216792,1068.0,1040.0,534.0,2046.6666666666665,1070.0,0.0,244,0,0,7,33,21.0,2048.0,13272.39340000001,4609.5878999999995,4641.9601999999995,768,0,0,128,0.36280645497122643,0.6417504977601012,0.4831821624314254,37,3850.818500000024,4421.682000000007,35,2,0.0,0,0,0,0.0,0,0.0,29709.4931899814,0.0,0,0,0,1.5,0,0.0,0,0,0.0,0,0.0,0,0,0.0,0.0,0.0,0,0.0,0.0,NaN,5120.0,NaN,NaN,0,0,0.0,0,0.0,NaN,0,NaN,0,0,0,0.0,0.0,0.0,0.0,0.0,0.0,0.0,0.0,0,0,0,0,244,0.0,0,0,0.0,0,0.0,0.0,0.0,0.0,0.0,0.0,0.0,0.0,0.0,0.0,1.6214427554748185,384,4669.969400000003,128,25039.523789981446,4,-5194.8681,4,-6008.9198,2,242.04530000000096,0.0,24.411133580705016,0,0,534,534,1 + planning margin,debt,3,9.094947017729282e-13
8,512,4,4,22004.80830000001,0.0,22251.016199999933,0.0,0.0,,0.0,0.0,0.0,0.0,0.0,0.0,0.0025,0.0,0.0,0.0,1.0,0.0,0.0,0.0,0.0,1.0,0.0,0.0,1.0,0.0,61,8,24.50008618673349,-0.48582780906256245,24.014258377670927,7.7120841362728205,0.17716971886778468,7.8892538551406055,0.0,0.0,0.0,0.0,0,0,0.0,0.0,0.0,1.0,1.0,0.0,0.0,0.0,0.0,0.5,0.25,246.20789999999982,931.1054000000005,0.0,622,171.37580000000003,690.5090000000006,2835.4397999999956,0.0,0.0,0.0,0.0,0.0,0.0,5,0.0,0.0,0.0,0.0,0.0,0.0,14.6424,0.008930335915291427,4.183292122335471,5.05929274809162,NaN,1.5596154580152677,2.7372454285714576,3.167292751542029,1048.0,1079.0,524.0,2038.666666666667,1050.0,0.0,248,0,0,5,50,31.0,2048.0,12356.003899999992,4780.1142,4868.6902,768,0,0,128,0.4475176553737721,0.6861645146055491,0.4687077205820602,94,3691.3462000000186,4513.772199999974,50,0,0.0,0,0,0,0.0,0,0.0,28490.22436853933,0.0,0,0,0,1.5,0,0.0,0,0,0.0,0,0.0,0,0,0.0,0.0,0.0,0,0.0,0.0,NaN,5120.0,NaN,NaN,0,0,0.0,0,0.0,NaN,0,NaN,0,0,0,0.0,0.0,0.0,0.0,0.0,0.0,0.0,0.0,0,0,0,0,248,0.0,0,0,0.0,0,0.0,0.0,0.0,0.0,0.0,0.0,0.0,0.0,0.0,0.0,1.637325366614715,384,3467.0563999999986,128,25023.167968539325,4,-4799.5533,4,-5581.229799999999,2,241.11189999999942,0.0,23.893949438202256,0,0,524,524,1 + planning margin,debt,3,9.094947017729282e-13
9,512,4,4,21523.27379999996,0.0,21765.70569999999,0.0,0.0,,0.0,0.0,0.0,0.0,0.0,0.0,0.0025,0.0,0.0,0.0,1.0,0.0,0.0,0.0,0.0,1.0,0.0,0.0,1.0,0.0,74,21,25.18589599660768,-0.6145783533946454,24.571317643213035,8.526754259192073,0.08444610961111122,8.611200368803186,0.0,0.0,0.0,0.0,0,0,0.0,0.0,0.0,1.0,1.0,0.0,0.0,0.0,0.0,0.5,0.25,242.43189999999984,1047.3220000000003,0.0,799,209.5107000000001,691.0451999999998,4266.534599999991,0.0,0.0,0.0,0.0,0.0,0.0,13,0.0,0.0,0.0,0.0,0.0,0.0,45.805499999999995,0.010455052293376671,4.1233647540983585,5.0209527306968305,NaN,1.5460753295668535,2.6719077067669117,3.072273968995767,1062.0,976.0,531.0,2041.3333333333335,1064.0,0.0,244,20,20,38,38,23.0,2028.0,11953.936699999995,4979.0215,4590.3156,768,0,0,128,0.4968787651724236,0.7092901870023371,0.4661128804459955,120,3663.875800000002,4024.403999999998,40,2,0.0,0,0,20,0.0,0,0.0,27763.544076335853,0.0,0,0,0,1.5,0,0.0,0,0,0.0,0,0.0,0,0,0.0,0.0,0.0,0,0.0,0.0,NaN,5120.0,NaN,NaN,0,0,0.0,0,0.0,NaN,0,NaN,0,0,0,0.0,0.0,0.0,0.0,0.0,0.0,0.0,0.0,0,0,0,0,244,0.0,0,0,0.0,0,0.0,0.0,0.0,0.0,0.0,0.0,0.0,0.0,0.0,0.0,1.6608791910595573,384,2882.0103000000013,128,24881.53377633587,4,-4375.8575,4,-5658.644399999999,2,237.72789999999958,0.0,23.394231870229014,0,0,531,531,1 + planning margin,debt,3,9.094947017729282e-13
10,512,4,4,21391.409199999973,0.0,21629.335899999933,0.0,0.0,,0.0,0.0,0.0,0.0,0.0,0.0,0.0025,0.0,0.0,0.0,1.0,0.0,0.0,0.0,0.0,1.0,0.0,0.0,1.0,0.0,114,28,25.72371325388603,-0.6527633457296645,25.070949908156365,8.889145016450717,0.03427027002376152,8.923415286474478,0.0,0.0,0.0,0.0,0,0,0.0,0.0,0.0,1.0,1.0,0.0,0.0,0.0,0.0,0.5,0.25,237.92669999999939,1161.0237000000043,0.0,976,558.6491000000001,690.5136999999986,4542.892899999996,0.0,0.0,0.0,0.0,0.0,0.0,23,0.0,0.0,0.0,0.0,0.0,0.0,53.910799999999995,0.00949244907791049,4.0685866379310305,5.00423918367347,NaN,1.5269599999999988,2.607278818737276,2.9801057499258943,980.0,928.0,490.0,1977.3333333333342,981.9999999999997,0.0,250,45,43,49,36,26.0,2000.0,11368.939900000008,5580.0618,4442.4075,768,0,0,128,0.5558592565234193,0.7371587074198136,0.5113063067254273,175,3308.558200000001,3775.648399999996,40,4,0.0,0,0,45,0.0,0,0.0,27135.27829661014,0.0,0,0,0,1.5,0,0.0,0,0,0.0,0,0.0,0,0,0.0,0.0,0.0,0,0.0,0.0,NaN,5120.0,NaN,NaN,0,0,0.0,0,0.0,NaN,0,NaN,0,0,0,0.0,0.0,0.0,0.0,0.0,0.0,0.0,0.0,0,0,0,0,250,0.0,0,0,0.0,0,0.0,0.0,0.0,0.0,0.0,0.0,0.0,0.0,0.0,0.0,1.6659196262183065,384,2010.831400000001,128,25124.44689661015,4,-3952.5126999999993,4,-5605.5925,2,233.61469999999997,0.0,23.1911299435028,0,0,490,490,1 + planning margin,debt,3,9.094947017729282e-13
11,512,4,4,21028.84820000002,0.0,21265.39510000006,0.0,0.0,,0.0,0.0,0.0,0.0,0.0,0.0,0.0025,0.0,0.0,0.0,1.0,0.0,0.0,0.0,0.0,1.0,0.0,0.0,1.0,0.0,184,45,26.144423945623682,-0.8120409167959858,25.332383028827696,9.203426055970981,0.00022168897078529294,9.203647744941765,0.0,0.0,0.0,0.0,0,0,0.0,0.0,0.0,1.0,1.0,0.0,0.0,0.0,0.0,0.5,0.25,236.54689999999923,1275.7005000000015,0.0,1146,366.46449999999993,729.025500000001,3113.533099999999,0.0,0.0,0.0,0.0,0.0,0.0,41,0.0,0.0,0.0,0.0,0.0,0.0,81.1755,0.009201093692832533,4.036505988023953,4.952181481481485,NaN,1.50431045751634,2.5453967391304455,2.8907025774281183,918.0,835.0,459.0,1935.3333333333344,919.9999999999997,0.0,266,93,85,66,45,28.0,1941.0,10891.263099999996,5994.9216,4142.663500000001,768,0,0,128,0.6147395908266762,0.7593052671223708,0.5336882278939536,239,3032.2433000000015,3370.482500000001,50,5,0.0,0,0,93,0.0,0,0.0,26591.06840000002,0.0,0,0,0,1.5,0,0.0,0,0,0.0,0,0.0,0,0,0.0,0.0,0.0,0,0.0,0.0,NaN,5120.0,NaN,NaN,0,0,0.0,0,0.0,NaN,0,NaN,0,0,0,0.0,0.0,0.0,0.0,0.0,0.0,0.0,0.0,0,0,0,0,266,0.0,0,0,0.0,0,0.0,0.0,0.0,0.0,0.0,0.0,0.0,0.0,0.0,0.0,1.6789738214007552,384,1545.8616000000006,128,25045.206799999996,4,-3528.7396,4,-5704.3765,2,232.62689999999935,0.0,22.90439999999998,0,0,459,459,1 + planning margin,debt,3,9.094947017729282e-13
12,509,4,4,20392.928900000024,0.0,20627.280200000027,0.0,0.0,,0.0,0.0,0.0,0.0,0.0,0.0,0.0025,0.0,0.0,0.0,1.0,0.0,0.0,0.0,0.0,1.0,0.0,0.0,1.0,0.0,170,50,26.50059460853069,-0.7810224907724342,25.719572117758254,9.791346899872932,2.428813830009181e-7,9.791347142754315,0.0,0.0,0.0,0.0,0,0,0.0,0.0,0.0,1.0,1.0,0.0,0.0,0.0,0.0,0.5,0.25,234.35129999999964,1388.5614999999964,0.0,1280,115.8969,751.8161999999994,3150.8975,0.0,0.0,0.0,0.0,0.0,0.0,52,0.0,0.0,0.0,0.0,0.0,0.0,96.75290000000003,0.010254735262331775,3.843668796433868,4.9652542168674945,NaN,1.498741204819277,2.437605248397432,2.803981500105274,830.0,673.0,415.0,1851.0000000000023,826.6666666666662,0.0,269,183,160,59,38,24.0,1829.0,10778.379700000003,6153.206,3461.3432,768,0,0,128,0.6377378317272142,0.7617245165526905,0.5890623730303421,254,2640.1421999999993,2586.789099999993,52,14,0.0,0,0,183,0.0,0,0.0,26397.312470588226,0.0,0,0,0,1.5,0,0.0,0,0,0.0,0,0.0,0,0,0.0,0.0,0.0,0,0.0,0.0,NaN,5120.0,NaN,NaN,0,0,0.0,0,0.0,NaN,0,NaN,0,0,0,0.0,0.0,0.0,0.0,0.0,0.0,0.0,0.0,0,0,0,0,269,0.0,0,0,0.0,0,0.0,0.0,0.0,0.0,0.0,0.0,0.0,0.0,0.0,0.0,1.703397775827882,381,1369.8995999999993,128,25027.412870588236,4,-3113.7425000000003,4,-6184.7368,2,230.8233000000021,0.0,22.5646568627451,3,0,415,415,1 + planning margin,debt,3,9.094947017729282e-13
13,501,4,4,19747.435699999984,0.0,19966.92400000001,0.0,0.0,,0.0,0.0,0.0,0.0,0.0,0.0,0.0025,0.0,0.0,0.0,1.0,0.0,0.0,0.0,0.0,1.0,0.0,0.0,1.0,0.0,182,63,27.58259068286354,-0.7741949573701254,26.808395725493416,10.187127214584317,0.0,10.187127214584317,0.0,0.0,0.0,0.0,0,0,0.0,0.0,0.0,1.0,1.0,0.0,0.0,0.0,0.0,0.5,0.25,229.2363999999995,1497.9923999999978,9.7481,1425,117.7488,763.2419999999997,956.0316999999997,0.0,0.0,0.0,0.0,0.0,0.0,63,0.0,0.0,0.0,0.0,0.0,0.0,174.8226,0.010397046898087618,3.7334970724191114,4.827312574850292,NaN,1.409331437125749,2.2723660696517225,2.719862055102116,668.0,649.0,334.0,1747.0000000000018,664.0,0.0,293,193,159,74,38,25.0,1713.0,10223.255200000016,6258.4517,3265.7288,768,0,0,128,0.661472968460286,0.7642381119993589,0.6362993981649936,295,1982.4420000000027,2423.0396000000032,56,18,0.0,0,0,193,0.0,0,0.0,25980.321679518063,0.0,0,0,0,1.5,0,0.0,0,0,0.0,0,0.0,0,0,0.0,0.0,0.0,0,0.0,0.0,NaN,5120.0,NaN,NaN,0,0,0.0,0,0.0,NaN,0,NaN,0,0,0,0.0,0.0,0.0,0.0,0.0,0.0,0.0,0.0,0,0,0,0,293,0.0,0,0,0.0,0,0.0,0.0,0.0,0.0,0.0,0.0,0.0,0.0,0.0,0.0,1.6737487410098022,373,1072.8658999999998,128,24907.45577951807,4,-2751.7841,4,-6179.391200000002,2,216.35229999999908,0.0,22.481118072289156,8,0,334,334,1 + planning margin,debt,3,9.094947017729282e-13
14,483,4,4,19124.41479999998,0.0,19305.484400000005,0.0,0.0,,0.0,0.0,0.0,0.0,0.0,0.0,0.0025,0.0,0.0,0.0,1.0,0.0,0.0,0.0,0.0,1.0,0.0,0.0,1.0,0.0,185,69,27.427074090888247,-0.8130145654656231,26.614059525422622,10.631013090438126,0.0,10.631013090438126,0.0,0.0,0.0,0.0,0,0,0.0,0.0,0.0,1.0,1.0,0.0,0.0,0.0,0.0,0.5,0.25,220.9350999999996,1602.1418999999985,39.900999999999996,1577,112.4508,735.4716999999998,1821.7209999999989,0.0,0.0,0.0,0.0,0.0,0.0,80,0.0,0.0,0.0,0.0,0.0,0.0,192.14119999999997,0.012573007032605887,3.5812336347197045,4.705575873015859,NaN,1.368382222222222,2.238424630801697,2.6382661934490526,630.0,553.0,315.0,1596.3333333333342,620.0,0.0,286,253,170,110,32,30.0,1561.0,9924.530200000005,6310.8438,2889.0407999999998,768,0,0,128,0.6727326608894606,0.7571900370613074,0.6458386515140273,302,1825.883399999999,1980.4221999999966,52,20,0.0,0,0,253,0.0,0,0.0,24854.97105568864,0.0,0,0,0,1.5,0,0.0,0,0,0.0,0,0.0,0,0,0.0,0.0,0.0,0,0.0,0.0,NaN,5120.0,NaN,NaN,0,0,0.0,0,0.0,NaN,0,NaN,0,0,0,0.0,0.0,0.0,0.0,0.0,0.0,0.0,0.0,0,0,0,0,286,0.0,0,0,0.0,0,0.0,0.0,0.0,0.0,0.0,0.0,0.0,0.0,0.0,0.0,1.7069790800997957,355,1039.7198000000008,128,23815.25125568863,4,-2442.6793,4,-6355.119199999999,2,178.3255999999989,0.0,21.139971556886234,18,0,315,315,1 + planning margin,debt,3,9.094947017729282e-13
15,422,4,4,18402.652300000027,0.0,18526.679999999975,0.0,0.0,,0.0,0.0,0.0,0.0,0.0,0.0,0.0025,0.0,0.0,0.0,1.0,0.0,0.0,0.0,0.0,1.0,0.0,0.0,1.0,0.0,163,68,28.70751255296308,-0.7643754700386627,27.94313708292442,11.659263451500413,0.0,11.659263451500413,0.0,0.0,0.0,0.0,0,0,0.0,0.0,0.0,1.0,1.0,0.0,0.0,0.0,0.0,0.5,0.25,212.90669999999977,1703.7536999999957,89.2124,1693,109.6402,831.4027,1378.6011999999996,0.0,0.0,0.0,0.0,0.0,0.0,84,0.0,0.0,0.0,0.0,0.0,0.0,140.90430000000003,0.011690638016955426,3.4175745689655153,4.575781889763781,NaN,1.3125960629921265,2.5557977124183107,9.318354010302883,508.0,464.0,254.0,1363.0000000000002,440.6666666666667,0.0,291,221,154,85,25,18.0,1334.0,9644.560699999984,6153.464399999999,2604.6272,768,0,0,128,0.6569814190338963,0.7147491679254834,0.7164015951140439,239,1500.5599000000007,1585.754599999999,48,23,0.0,0,0,221,0.0,0,0.0,24424.006300000005,0.0,0,0,0,1.5,0,0.0,0,0,0.0,0,0.0,0,0,0.0,0.0,0.0,0,0.0,0.0,NaN,5120.0,NaN,NaN,0,0,0.0,0,0.0,NaN,0,NaN,0,0,0,0.0,0.0,0.0,0.0,0.0,0.0,0.0,0.0,0,0,0,0,291,0.0,0,0,0.0,0,0.0,0.0,0.0,0.0,0.0,0.0,0.0,0.0,0.0,0.0,1.6699583897404797,294,971.3277999999995,128,23452.67849999999,4,-2343.346,4,-6438.572800000001,2,121.67569999999873,0.0,20.525733333333328,61,0,254,254,1 + planning margin,debt,3,9.094947017729282e-13
16,340,4,4,17864.045,0.0,17882.6916,0.0,0.0,,0.0,0.0,0.0,0.0,0.0,0.0,0.0025,0.0,0.0,0.0,1.0,0.0,0.0,0.0,0.0,1.0,0.0,0.0,1.0,0.0,124,61,29.91374079689579,-1.0092438677979265,28.904496929097864,12.700087791196776,0.0,12.700087791196776,0.0,0.0,0.0,0.0,0,0,0.0,0.0,0.0,1.0,1.0,0.0,0.0,0.0,0.0,0.5,0.25,203.6977999999998,1800.652699999996,186.0983000000001,1763,253.35510000000002,791.9623999999995,520.3213999999998,0.0,0.0,0.0,0.0,0.0,0.0,88,0.0,0.0,0.0,0.0,0.0,0.0,137.13420000000002,0.012283182845870332,3.234025751072958,4.507704093567245,NaN,1.2480274853801165,2.6014534883720857,14.946913022442395,342.0,466.0,171.0,1116.6666666666663,285.99999999999994,0.0,257,130,98,35,21,14.0,1130.0,9146.523900000004,5950.3196,2767.2015,768,0,0,128,0.6083476792044398,0.6443894152209957,0.7738503525225993,176,990.4704999999993,1507.0559999999984,46,25,0.0,0,0,130,0.0,0,0.0,23469.236645669305,0.0,0,0,0,1.5,0,0.0,0,0,0.0,0,0.0,0,0,0.0,0.0,0.0,0,0.0,0.0,NaN,5120.0,NaN,NaN,0,0,0.0,0,0.0,NaN,0,NaN,0,0,0,0.0,0.0,0.0,0.0,0.0,0.0,0.0,0.0,0,0,0,0,257,0.0,0,0,0.0,0,0.0,0.0,0.0,0.0,0.0,0.0,0.0,0.0,0.0,0.0,1.5653099454438142,212,793.0430999999998,128,22676.193545669303,4,-2289.7781,4,-6075.0385,2,16.686600000000027,0.0,19.688940944881896,82,0,171,171,1 + planning margin,debt,3,9.094947017729282e-13
17,273,4,4,17551.251199999973,0.0,17456.409799999987,0.0,0.0,,0.0,0.0,0.0,0.0,0.0,0.0,0.0025,0.0,0.0,0.0,1.0,0.0,0.0,0.0,0.0,1.0,0.0,0.0,1.0,0.0,92,43,31.626510211494725,-1.4101166950172574,30.216393516477467,14.192494471438465,0.0,14.192494471438465,0.0,0.0,0.0,0.0,0,0,0.0,0.0,0.0,1.0,1.0,0.0,0.0,0.0,0.0,0.5,0.25,184.87479999999977,1883.0767999999975,281.83880000000016,1819,367.138,679.9318000000007,933.6439000000001,0.0,0.0,0.0,0.0,0.0,0.0,75,0.0002,0.0,0.0,0.0,0.0,0.0,211.51579999999987,0.01340447948163771,3.4536330337078684,4.4174241935483884,NaN,1.1620290322580653,2.5871844919785887,14.49850563176913,372.0,445.0,186.0,984.6666666666666,340.0,0.0,181,69,42,31,15,13.0,976.0,8863.531100000006,5663.6114,3024.1085,768,0,0,128,0.5311015625420228,0.5553091744390446,0.686969317225399,113,1122.8896000000009,1536.8667000000014,32,17,0.0,0,0,69,0.0,0,0.0,22460.87093157895,0.0,0,0,0,1.5,0,0.0,0,0,0.0,0,0.0,0,0,0.0,0.0,0.0,0,0.0,0.0,NaN,5120.0,NaN,NaN,0,0,0.0,0,0.0,NaN,0,NaN,0,0,0,0.0,0.0,0.0,0.0,0.0,0.0,0.0,0.0,0,0,0,0,181,0.0,0,0,0.0,0,0.0,0.0,0.0,0.0,0.0,0.0,0.0,0.0,0.0,0.0,1.4474277904203228,145,706.0946999999998,128,21754.776231578944,4,-2319.7736,4,-5667.411500000001,2,-96.40919999999933,0.0,18.720412280701748,67,0,186,186,1 + planning margin,debt,3,9.094947017729282e-13
18,231,4,4,17154.18149999999,0.0,17013.021399999998,0.0,0.0,,0.0,0.0,0.0,0.0,0.0,0.0,0.0025,0.0,0.0,0.0,1.0,0.0,0.0,0.0,0.0,1.0,0.0,0.0,1.0,0.0,71,30,29.899689736359715,-1.7182611529198237,28.181428583439892,14.31112370156873,0.0,14.31112370156873,0.0,0.0,0.0,0.0,0,0,0.0,0.0,0.0,1.0,1.0,0.0,0.0,0.0,0.0,0.5,0.25,196.74559999999985,1986.690399999996,341.0027000000002,1854,300.45450000000005,697.5241999999992,817.5274000000004,0.0,0.0,0.0,0.0,0.0,0.0,56,0.0,0.0,0.0,0.0,0.0,0.0,76.46260000000001,0.0127974806644174,3.336221945137159,4.479223696682467,NaN,1.2798819905213277,2.6216212264150864,14.063550462816051,422.0,401.0,211.0,879.0,403.99999999999994,0.0,124,40,32,9,19,6.0,865.0,8936.153100000003,5525.5113,2692.5171,768,0,0,128,0.45174070625022256,0.4741858174798601,0.5864006264272603,70,1335.4458000000004,1337.8250000000007,31,12,0.0,0,0,40,0.0,0,0.0,21526.947251612943,0.0,0,0,0,1.5,0,0.0,0,0,0.0,0,0.0,0,0,0.0,0.0,0.0,0,0.0,0.0,NaN,5120.0,NaN,NaN,0,0,0.0,0,0.0,NaN,0,NaN,0,0,0,0.0,0.0,0.0,0.0,0.0,0.0,0.0,0.0,0,0,0,0,124,0.0,0,0,0.0,0,0.0,0.0,0.0,0.0,0.0,0.0,0.0,0.0,0.0,0.0,1.3947942505739106,103,609.7077,128,20917.23955161292,4,-2201.161,4,-5796.8757,2,-142.33609999999732,0.0,17.43043548387098,42,0,211,211,1 + planning margin,debt,3,9.094947017729282e-13
19,217,4,4,16773.66120000001,0.0,16612.581099999996,0.0,0.0,,0.0,0.0,0.0,0.0,0.0,0.0,0.0025,0.0,0.0,0.0,1.0,0.0,0.0,0.0,0.0,1.0,0.0,0.0,1.0,0.0,68,23,33.11915286508475,-2.139122862244178,30.980030002840568,15.023360775546461,0.0,15.023360775546461,0.0,0.0,0.0,0.0,0,0,0.0,0.0,0.0,1.0,1.0,0.0,0.0,0.0,0.0,0.5,0.25,189.55349999999987,2077.3470999999968,353.8628000000001,1871,250.82850000000002,631.3488000000002,605.8009999999999,0.0,0.0,0.0,0.0,0.0,0.0,51,0.0,0.0,0.0,0.0,0.0,0.0,58.22230000000001,0.013118099589695228,3.1907156327543404,4.478273584905668,NaN,1.2268528301886787,2.632976250000015,14.18367352556483,318.0,403.0,159.0,831.6666666666666,312.0,0.0,134,34,25,10,20,15.0,817.0,8747.0326,5304.402700000001,2722.2259,768,0,0,128,0.4269341132273381,0.44445580295929465,0.6402834433936226,55,1023.5689999999998,1285.8583999999992,26,6,0.0,0,0,34,0.0,0,0.0,22636.700030805685,0.0,0,0,0,1.5,0,0.0,0,0,0.0,0,0.0,0,0,0.0,0.0,0.0,0,0.0,0.0,NaN,5120.0,NaN,NaN,0,0,0.0,0,0.0,NaN,0,NaN,0,0,0,0.0,0.0,0.0,0.0,0.0,0.0,0.0,0.0,0,0,0,0,134,0.0,0,0,0.0,0,0.0,0.0,0.0,0.0,0.0,0.0,0.0,0.0,0.0,0.0,1.2442883308808546,89,411.0765,128,22225.623530805697,4,-2165.5568999999996,4,-5565.038500000001,2,-161.86410000000012,0.0,19.198229857819914,14,0,159,159,1 + planning margin,debt,3,9.094947017729282e-13
20,207,4,4,16383.092500000004,0.0,16186.704300000003,0.0,0.0,,0.0,0.0,0.0,0.0,0.0,0.0,0.0025,0.0,0.0,0.0,1.0,0.0,0.0,0.0,0.0,1.0,0.0,0.0,1.0,0.0,59,20,34.11754469156221,-2.3146053954900414,31.80293929607217,15.785348160086246,0.00037982224096185034,15.785727982327206,0.0,0.0,0.0,0.0,0,0,0.0,0.0,0.0,1.0,1.0,0.0,0.0,0.0,0.0,0.5,0.25,183.17659999999995,2165.1147000000014,383.0475000000001,1893,185.951,576.5196999999998,523.4522000000001,0.0,0.0,0.0,0.0,0.0,0.0,50,0.0,0.0,0.0,0.0,0.0,0.0,51.40830000000001,0.013535512287103334,3.347004663212434,4.357885082872933,NaN,1.1609867403314922,2.559159523809493,13.758163319797879,362.0,386.0,181.0,788.0000000000001,358.0,0.0,113,33,24,9,25,19.0,775.0,8591.967499999997,5090.6295,2700.4955,768,0,0,128,0.4012935363433612,0.41759622004819463,0.5876333957765385,43,1127.3603000000007,1291.9437999999996,30,5,0.0,0,0,33,0.0,0,0.0,21888.791103773594,0.0,0,0,0,1.5,0,0.0,0,0,0.0,0,0.0,0,0,0.0,0.0,0.0,0,0.0,0.0,NaN,5120.0,NaN,NaN,0,0,0.0,0,0.0,NaN,0,NaN,0,0,0,0.0,0.0,0.0,0.0,0.0,0.0,0.0,0.0,0,0,0,0,113,0.0,0,0,0.0,0,0.0,0.0,0.0,0.0,0.0,0.0,0.0,0.0,0.0,0.0,1.2241232342645818,79,428.5595999999999,128,21460.231503773583,4,-2122.6174,4,-5436.0489,2,-196.78020000000032,0.0,18.40279245283018,10,0,181,181,1 + planning margin,debt,3,9.094947017729282e-13
21,191,4,4,15859.272399999998,0.0,15587.315300000006,0.0,0.0,,0.0,0.0,0.0,0.0,0.0,0.0,0.0025,0.0,0.0,0.0,1.0,0.0,0.0,0.0,0.0,1.0,0.0,0.0,1.0,0.0,43,15,32.55399690768872,-2.6088408921421156,29.945156015546605,16.35619015968114,0.018847173904688593,16.37503733358583,0.0,0.0,0.0,0.0,0,0,0.0,0.0,0.0,1.0,1.0,0.0,0.0,0.0,0.0,0.5,0.25,181.58059999999995,2254.5406000000057,457.9899000000002,1917,113.25009999999999,637.0702000000001,731.2527999999999,0.0,0.0,0.0,0.0,0.0,0.0,46,0.0,0.0,0.0,0.0,0.0,0.0,31.5799,0.013860248315286304,3.319670845481048,4.398466666666666,NaN,1.251271666666668,2.588150184162065,13.345418420203947,360.0,343.0,180.0,740.3333333333334,348.6666666666667,0.0,100,21,16,6,13,5.0,731.0,8539.332200000004,4855.421699999999,2464.5185,768,0,0,128,0.3779940884721029,0.36654667398543594,0.5894265068957893,33,1134.7204000000006,1138.6470999999995,18,5,0.0,0,0,21,0.0,0,0.0,21216.2487486188,0.0,0,0,0,1.5,0,0.0,0,0,0.0,0,0.0,0,0,0.0,0.0,0.0,0,0.0,0.0,NaN,5120.0,NaN,NaN,0,0,0.0,0,0.0,NaN,0,NaN,0,0,0,0.0,0.0,0.0,0.0,0.0,0.0,0.0,0.0,0,0,0,0,100,0.0,0,0,0.0,0,0.0,0.0,0.0,0.0,0.0,0.0,0.0,0.0,0.0,0.0,1.1994682307326636,63,497.9149,128,20718.333848618797,4,-2101.1125,4,-5468.6119,2,-271.9570999999996,0.0,17.414801104972383,16,0,180,180,1 + planning margin,debt,3,9.094947017729282e-13
22,182,4,4,15397.936400000015,0.0,15061.265099999993,0.0,0.0,,0.0,0.0,0.0,0.0,0.0,0.0,0.0025,0.0,0.0,0.0,1.0,0.0,0.0,0.0,0.0,1.0,0.0,0.0,1.0,0.0,35,14,34.57770733526172,-2.833210109611662,31.744497225650058,17.08872484869691,0.014060128902097941,17.102784977599008,0.0,0.0,0.0,0.0,0,0,0.0,0.0,0.0,1.0,1.0,0.0,0.0,0.0,0.0,0.5,0.25,176.12259999999998,2338.9736000000053,518.0576000000001,1931,149.00260000000006,610.3386000000002,127.98779999999996,0.0,0.0,0.0,0.0,0.0,0.0,40,0.0,0.0,0.0,0.0,0.0,0.0,18.4742,0.013757489317982074,3.2402834757834738,4.399632919254657,NaN,1.2375658385093167,2.5680507201645986,12.945055867597825,322.0,351.0,161.0,708.6666666666667,309.99999999999994,0.0,101,17,13,6,15,9.0,701.0,8414.101099999994,4625.9091,2357.9262,768,0,0,128,0.35446072058855926,0.330881396835653,0.592357436704358,30,1001.6081999999997,1137.3394999999994,17,2,0.0,0,0,17,0.0,0,0.0,22197.02390000002,0.0,0,0,0,1.5,0,0.0,0,0,0.0,0,0.0,0,0,0.0,0.0,0.0,0,0.0,0.0,NaN,5120.0,NaN,NaN,0,0,0.0,0,0.0,NaN,0,NaN,0,0,0,0.0,0.0,0.0,0.0,0.0,0.0,0.0,0.0,0,0,0,0,101,0.0,0,0,0.0,0,0.0,0.0,0.0,0.0,0.0,0.0,0.0,0.0,0.0,0.0,1.0851827036795145,54,427.7127000000001,128,21769.31120000002,4,-2073.9124,4,-5371.7906,2,-336.6713000000009,0.0,18.76907500000002,9,0,161,161,1 + planning margin,debt,3,9.094947017729282e-13
23,175,4,4,14918.655400000001,0.0,14539.34640000001,0.0,0.0,,0.0,0.0,0.0,0.0,0.0,0.0,0.0025,0.0,0.0,0.0,1.0,0.0,0.0,0.0,0.0,1.0,0.0,0.0,1.0,0.0,30,11,35.510052711580634,-2.7404040965780245,32.76964861500261,17.70855522911146,0.12543655610308102,17.83399178521454,0.0,0.0,0.0,0.0,0,0,0.0,0.0,0.0,1.0,1.0,0.0,0.0,0.0,0.0,0.5,0.25,170.85830000000004,2420.397600000006,555.431,1943,119.4193,598.7002999999999,437.07529999999997,0.0,0.0,0.0,0.0,0.0,0.0,33,0.0,0.0,0.0,0.0,0.0,0.0,1.4719,0.014762071488385656,3.3072324404761884,4.324232515337421,NaN,1.2070239263803682,2.525191768292685,12.556704191569889,326.0,336.0,163.0,683.3333333333334,320.0,0.0,91,17,14,7,16,14.0,675.0,8280.418199999998,4392.1103,2246.1268999999998,768,0,0,128,0.35412688048602514,0.3090992053452002,0.5643991825896644,27,974.6460000000012,1111.2300999999993,20,4,0.0,0,0,17,0.0,0,0.0,21967.242259627328,0.0,0,0,0,1.5,0,0.0,0,0,0.0,0,0.0,0,0,0.0,0.0,0.0,0,0.0,0.0,NaN,5120.0,NaN,NaN,0,0,0.0,0,0.0,NaN,0,NaN,0,0,0,0.0,0.0,0.0,0.0,0.0,0.0,0.0,0.0,0,0,0,0,91,0.0,0,0,0.0,0,0.0,0.0,0.0,0.0,0.0,0.0,0.0,0.0,0.0,0.0,1.055615686031432,47,431.046,128,21536.196259627326,4,-2050.9984999999997,4,-5280.176300000001,2,-379.3089999999993,0.0,18.56348757763975,7,0,163,163,1 + planning margin,debt,3,9.094947017729282e-13
24,170,4,4,14503.33620000001,0.0,14043.018600000001,0.0,0.0,,0.0,0.0,0.0,0.0,0.0,0.0,0.0025,0.0,0.0,0.0,1.0,0.0,0.0,0.0,0.0,1.0,0.0,0.0,1.0,0.0,24,9,34.98611287616887,-2.592638702556639,32.393474173612226,17.948544558598527,0.14805430486449214,18.09659886346302,0.0,0.0,0.0,0.0,0,0,0.0,0.0,0.0,1.0,1.0,0.0,0.0,0.0,0.0,0.5,0.25,154.29910000000007,2488.353100000005,620.5516,1953,111.43159999999999,526.7508000000001,160.32470000000004,0.0,0.0,0.0,0.0,0.0,0.0,33,0.0,0.0,0.0,0.0,0.0,0.0,30.757799999999996,0.014452574511585877,3.2820006230529613,4.354215822784818,NaN,1.2363493670886072,2.551848742138396,12.180003065822799,316.0,321.0,158.0,658.3333333333334,314.66666666666663,0.0,90,19,12,10,14,15.0,653.0,8202.524800000001,4121.9557,2178.8557,768,0,0,128,0.3530010154348344,0.29138267473267976,0.5910794793590257,22,1000.8454999999992,1053.5222000000006,15,1,0.0,0,0,19,0.0,0,0.0,21626.401031901823,0.0,0,0,0,1.5,0,0.0,0,0,0.0,0,0.0,0,0,0.0,0.0,0.0,0,0.0,0.0,NaN,5120.0,NaN,NaN,0,0,0.0,0,0.0,NaN,0,NaN,0,0,0,0.0,0.0,0.0,0.0,0.0,0.0,0.0,0.0,0,0,0,0,90,0.0,0,0,0.0,0,0.0,0.0,0.0,0.0,0.0,0.0,0.0,0.0,0.0,0.0,1.0494042301410245,42,475.7762,128,21150.62483190183,4,-2064.4403,4,-5196.727500000001,2,-460.3176000000003,0.0,18.10535889570552,5,0,158,158,1 + planning margin,debt,3,9.094947017729282e-13
25,163,4,4,14043.491499999993,0.0,13496.935199999998,0.0,0.0,,0.0,0.0,0.0,0.0,0.0,0.0,0.0025,0.0,0.0,0.0,1.0,0.0,0.0,0.0,0.0,1.0,0.0,0.0,1.0,0.0,16,10,36.06018840086638,-2.4949092612856174,33.56527913958076,18.415773850090666,0.14848222348802895,18.564256073578694,0.0,0.0,0.0,0.0,0,0,0.0,0.0,0.0,1.0,1.0,0.0,0.0,0.0,0.0,0.5,0.25,161.52440000000007,2572.164800000006,714.6641000000002,1961,98.1975,558.0422000000001,598.557,0.0,0.0,0.0,0.0,0.0,0.0,38,0.0,0.0,0.0,0.0,0.0,0.0,0.0,0.014877521592134615,3.296084782608696,4.317771153846156,NaN,1.2234878205128212,2.4955789808917133,11.814602973848112,312.0,322.0,156.0,631.0,306.0,0.0,85,13,8,6,17,16.0,633.0,8089.874200000002,3941.3428,2012.2745,768,0,0,128,0.33653823583697307,0.2574692385514574,0.5797197965857517,16,959.4923000000011,1061.3393,18,1,0.0,0,0,13,0.0,0,0.0,21965.40960886075,0.0,0,0,0,1.5,0,0.0,0,0,0.0,0,0.0,0,0,0.0,0.0,0.0,0,0.0,0.0,NaN,5120.0,NaN,NaN,0,0,0.0,0,0.0,NaN,0,NaN,0,0,0,0.0,0.0,0.0,0.0,0.0,0.0,0.0,0.0,0,0,0,0,85,0.0,0,0,0.0,0,0.0,0.0,0.0,0.0,0.0,0.0,0.0,0.0,0.0,0.0,0.9843110256128469,35,519.4061000000002,128,21446.00350886075,4,-2017.6776000000002,4,-5158.4310000000005,2,-546.5563000000002,0.0,18.545240506329108,7,0,156,156,1 + planning margin,debt,3,9.094947017729282e-13
26,157,4,4,13624.232499999998,0.0,12987.0228,0.0,0.0,,0.0,0.0,0.0,0.0,0.0,0.0,0.0025,0.0,0.0,0.0,1.0,0.0,0.0,0.0,0.0,1.0,0.0,0.0,1.0,0.0,11,8,34.40794625529164,-1.2490064793605586,33.15893977593108,17.72372681620288,0.7751772689468862,18.498904085149768,0.0,0.0,0.0,0.0,0,0,0.0,0.0,0.0,1.0,1.0,0.0,0.0,0.0,0.0,0.5,0.25,151.4776000000001,2643.298200000007,795.2707,1965,90.3935,509.65250000000026,102.3536,0.0,0.0,0.0,0.0,0.0,0.0,28,0.0,0.0,0.0,0.0,0.0,0.0,0.0,0.014255047397150403,3.272009523809523,4.322974834437086,NaN,1.2214774834437088,2.508442324561384,11.460164884632666,302.0,315.0,151.0,615.6666666666666,292.66666666666663,0.0,83,9,8,3,18,18.0,613.0,7974.191400000003,3758.6859000000004,1891.3552,768,0,0,128,0.32312263984485967,0.22643490261310295,0.5668476575809207,10,928.3901999999986,1030.6829999999998,18,0,0.0,0,0,9,0.0,0,0.0,21809.31269230769,0.0,0,0,0,1.5,0,0.0,0,0,0.0,0,0.0,0,0,0.0,0.0,0.0,0,0.0,0.0,NaN,5120.0,NaN,NaN,0,0,0.0,0,0.0,NaN,0,NaN,0,0,0,0.0,0.0,0.0,0.0,0.0,0.0,0.0,0.0,0,0,0,0,83,0.0,0,0,0.0,0,0.0,0.0,0.0,0.0,0.0,0.0,0.0,0.0,0.0,0.0,0.9467404197963833,29,599.9694000000002,128,21209.34329230769,4,-2003.0503,4,-5074.473,2,-637.2097000000003,0.0,18.352317307692317,6,0,151,151,1 + planning margin,debt,3,9.094947017729282e-13
27,151,4,4,13290.398000000005,0.0,12552.862400000002,0.0,0.0,,0.0,0.0,0.0,0.0,0.0,0.0,0.0025,0.0,0.0,0.0,1.0,0.0,0.0,0.0,0.0,1.0,0.0,0.0,1.0,0.0,6,2,33.760577457821924,0.1303592375153176,33.890936695337246,17.48214145377386,1.6108337384045341,19.092975192178393,0.0,0.0,0.0,0.0,0,0,0.0,0.0,0.0,1.0,1.0,0.0,0.0,0.0,0.0,0.5,0.25,133.39070000000004,2702.5833000000066,877.5783000000001,1969,100.74880000000002,434.5833000000001,256.5205,0.0,0.0,0.0,0.0,0.0,0.0,10,0.0,0.0,0.0,0.0,0.0,0.0,38.898399999999995,0.015,3.3202109634551515,4.268866666666665,NaN,1.2263253333333328,2.4829072847681917,11.116359938093684,300.0,301.0,150.0,597.3333333333334,294.0,0.0,76,4,4,0,14,11.0,597.0,7900.327300000001,3530.7264999999998,1859.3442,768,0,0,128,0.30687580777245826,0.19549865890726115,0.5702824224363294,5,919.0063999999999,999.3835000000006,14,0,0.0,0,0,4,0.0,0,0.0,21798.44570927152,0.0,0,0,0,1.5,0,0.0,0,0,0.0,0,0.0,0,0,0.0,0.0,0.0,0,0.0,0.0,NaN,5120.0,NaN,NaN,0,0,0.0,0,0.0,NaN,0,NaN,0,0,0,0.0,0.0,0.0,0.0,0.0,0.0,0.0,0.0,0,0,0,0,76,0.0,0,0,0.0,0,0.0,0.0,0.0,0.0,0.0,0.0,0.0,0.0,0.0,0.0,0.905256296805818,23,625.173,128,21173.27270927152,4,-2033.7255,4,-4955.764,2,-737.5356000000002,0.0,18.32216225165563,6,0,150,150,1 + planning margin,debt,3,9.094947017729282e-13
28,148,4,4,12906.606599999992,0.0,12136.318699999996,0.0,0.0,,0.0,0.0,0.0,0.0,0.0,0.0,0.0025,0.0,0.0,0.0,1.0,0.0,0.0,0.0,0.0,1.0,0.0,0.0,1.0,0.0,6,0,33.53452774302022,0.7516460131004093,34.286173756120625,17.48006094757417,1.961005913478992,19.441066861053162,0.0,0.0,0.0,0.0,0,0,0.0,0.0,0.0,1.0,1.0,0.0,0.0,0.0,0.0,0.5,0.25,139.6064,2777.1545000000083,916.5463000000001,1971,114.4056,498.1970000000001,63.35549999999999,0.0,0.0,0.0,0.0,0.0,0.0,0,0.0,0.0,0.0,0.0,0.0,0.0,0.0,0.014960523697843692,3.3137974025974026,4.314184459459458,NaN,1.2425310810810812,2.463428859060387,10.782869139950876,296.0,308.0,148.0,591.0,296.0,0.0,73,1,1,1,17,9.0,590.0,7820.8231000000005,3383.2865999999995,1702.4969,768,0,0,128,0.3252686680559027,0.189122738801889,0.5852389352091383,3,913.1926000000003,1020.6496,18,1,0.0,0,0,1,0.0,0,0.0,21787.528839999988,0.0,0,0,0,1.5,0,0.0,0,0,0.0,0,0.0,0,0,0.0,0.0,0.0,0,0.0,0.0,NaN,5120.0,NaN,NaN,0,0,0.0,0,0.0,NaN,0,NaN,0,0,0,0.0,0.0,0.0,0.0,0.0,0.0,0.0,0.0,0,0,0,0,73,0.0,0,0,0.0,0,0.0,0.0,0.0,0.0,0.0,0.0,0.0,0.0,0.0,0.0,0.8886482508955795,20,627.5971999999999,128,21159.93163999999,4,-1983.8812,4,-4906.0919,2,-770.2878999999994,0.0,18.394879999999993,3,0,148,148,1 + planning margin,debt,3,9.094947017729282e-13
29,148,4,4,12529.13310000001,0.0,11749.7049,0.0,0.0,,0.0,0.0,0.0,0.0,0.0,0.0,0.0025,0.0,0.0,0.0,1.0,0.0,0.0,0.0,0.0,1.0,0.0,0.0,1.0,0.0,6,1,33.702453232187075,0.9226313385775753,34.62508457076465,17.48407932882483,1.9901679348785974,19.47424726370343,0.0,0.0,0.0,0.0,0,0,0.0,0.0,0.0,1.0,1.0,0.0,0.0,0.0,0.0,0.5,0.25,130.4661,2839.474300000009,916.5463000000001,1975,85.54999999999998,463.02350000000007,352.07500000000005,0.0,0.0,0.0,0.0,0.0,0.0,4,0.0,0.0,0.0,0.0,0.0,0.0,0.0,0.015,3.356804823151122,4.294770198675493,NaN,1.2594423841059608,2.4558588815789695,10.459383065752348,302.0,311.0,151.0,588.6666666666666,304.00000000000006,0.0,71,1,0,1,15,10.0,590.0,7715.830399999999,3193.342,1619.9607,768,0,0,128,0.3212628989216624,0.18723320564374335,0.55022400919829,2,936.7568999999995,1043.966299999999,15,0,0.0,0,0,1,0.0,0,0.0,21864.840454054065,0.0,0,0,0,1.5,0,0.0,0,0,0.0,0,0.0,0,0,0.0,0.0,0.0,0,0.0,0.0,NaN,5120.0,NaN,NaN,0,0,0.0,0,0.0,NaN,0,NaN,0,0,0,0.0,0.0,0.0,0.0,0.0,0.0,0.0,0.0,0,0,0,0,71,0.0,0,0,0.0,0,0.0,0.0,0.0,0.0,0.0,0.0,0.0,0.0,0.0,0.0,0.8681684197459929,20,619.8274999999999,128,21245.012954054066,4,-1976.5416,4,-4794.912600000001,2,-779.4282000000003,0.0,18.637966216216217,0,0,151,151,1 + planning margin,debt,3,9.094947017729282e-13
30,147,4,3,12172.385900000003,0.0,9658.8848,0.0,0.0,,0.0,0.0,0.0,0.0,0.0,0.0,0.0025,0.0,0.0,0.0,1.0,0.0,0.0,0.0,0.0,1.0,0.0,0.0,1.0,0.0,3,0,33.088861721139494,1.1412052636820442,34.23006698482154,17.193189071333066,1.873802717578146,19.066991788911213,0.0,0.0,0.0,0.0,0,0,0.0,0.0,0.0,1.0,1.0,0.0,0.0,0.0,0.0,0.5,0.25,124.1175,2900.0372000000084,2644.2706,1980,89.18809999999999,445.93530000000004,700.2581,0.0,0.0,0.0,0.0,0.0,0.0,1,0.0,0.0,0.0,0.0,0.0,0.0,0.0,0.01475995119844367,3.4223090614886718,4.316940000000007,NaN,1.2645696774193553,2.524363568376072,11.36346399172929,310.0,309.0,155.0,588.0,310.6666666666667,0.0,69,1,1,2,18,11.0,587.0,7648.816800000002,3008.2568,1515.3123,768,0,0,128,0.3230519996118566,0.1825390218234877,0.5163137089937389,3,980.4232000000009,1057.4934999999996,18,0,0.0,0,0,1,0.0,0,0.0,21992.907664900686,0.0,0,0,0,1.5,0,0.0,0,0,0.0,0,0.0,0,0,0.0,0.0,0.0,0,0.0,0.0,NaN,5120.0,NaN,NaN,0,0,0.0,0,0.0,NaN,0,NaN,0,0,0,0.0,0.0,0.0,0.0,0.0,0.0,0.0,0.0,0,0,0,0,69,0.0,0,0,0.0,0,0.0,0.0,0.0,0.0,0.0,0.0,0.0,0.0,0.0,0.0,0.8423355567202648,19,607.2731999999997,128,21385.634464900686,4,-1964.3426000000002,3,-3006.2877000000003,2,-2513.5011000000004,0.0,18.891635761589413,1,1,155,116,1 + planning margin,debt,3,9.094947017729282e-13
31,147,4,3,11867.034100000003,0.0,9339.666499999998,0.0,0.0,,0.0,0.0,0.0,0.0,0.0,0.0,0.0025,0.0,0.0,0.0,1.0,0.0,0.0,0.0,0.0,1.0,0.0,0.0,1.0,0.0,4,0,31.98024691831785,1.4103528485045067,33.390599766822355,16.372457599030167,1.98538371157837,18.35784131060854,0.0,0.0,0.0,0.0,0,0,0.0,0.0,0.0,1.0,1.0,0.0,0.0,0.0,0.0,0.5,0.25,110.25100000000003,2949.9406000000067,2644.2706,1982,82.9428,388.2946,341.1158,0.0,0.0,0.0,0.0,0.0,0.0,0,0.0,0.0,0.0,0.0,0.0,0.0,0.0,0.014765906873456993,3.4423173770491786,4.360458169934639,NaN,1.2834921568627455,2.524254870129875,11.022560071977415,306.0,305.0,153.0,584.3333333333333,308.0,0.0,69,1,1,0,15,9.0,587.0,7579.023600000003,2845.6468999999997,1442.3636000000001,768,0,0,128,0.32204495752372786,0.18254077576525485,0.5254908572449231,2,973.8447999999994,1049.9067999999995,15,0,0.0,0,0,1,0.0,0,0.0,21973.519783870946,0.0,0,0,0,1.5,0,0.0,0,0,0.0,0,0.0,0,0,0.0,0.0,0.0,0,0.0,0.0,NaN,5120.0,NaN,NaN,0,0,0.0,0,0.0,NaN,0,NaN,0,0,0,0.0,0.0,0.0,0.0,0.0,0.0,0.0,0.0,0,0,0,0,69,0.0,0,0,0.0,0,0.0,0.0,0.0,0.0,0.0,0.0,0.0,0.0,0.0,0.0,0.8335188276672054,19,620.1761000000001,128,21353.343683870946,4,-1949.7930999999994,3,-2928.5164,2,-2527.3676000000005,0.0,18.96854516129033,0,1,153,153,1 + planning margin,debt,3,9.094947017729282e-13
32,147,4,3,11559.893400000006,0.0,9024.0306,0.0,0.0,,0.0,0.0,0.0,0.0,0.0,0.0,0.0025,0.0,0.0,0.0,1.0,0.0,0.0,0.0,0.0,1.0,0.0,0.0,1.0,0.0,7,0,32.51600539172417,0.8764367148271324,33.3924421065513,16.388674785228567,1.7494658414759616,18.138140626704526,0.0,0.0,0.0,0.0,0,0,0.0,0.0,0.0,1.0,1.0,0.0,0.0,0.0,0.0,0.5,0.25,101.75580000000002,2998.2921000000056,2644.2706,1985,68.7611,375.9017999999999,343.06190000000004,0.0,0.0,0.0,0.0,0.0,0.0,0,0.0,0.0,0.0,0.0,0.0,0.0,0.0,0.015,3.482780441640377,4.385553594771239,NaN,1.3126071895424833,2.4942860389610435,10.691883269818089,306.0,317.0,153.0,587.0,308.0,0.0,70,1,0,2,19,15.0,587.0,7441.975399999999,2695.1941,1422.7239,768,0,0,128,0.32667210218127307,0.18358946442879076,0.5269893904692577,2,969.069,1104.0413999999996,19,0,0.0,0,0,1,0.0,0,0.0,22054.01444705882,0.0,0,0,0,1.5,0,0.0,0,0,0.0,0,0.0,0,0,0.0,0.0,0.0,0,0.0,0.0,NaN,5120.0,NaN,NaN,0,0,0.0,0,0.0,NaN,0,NaN,0,0,0,0.0,0.0,0.0,0.0,0.0,0.0,0.0,0.0,0,0,0,0,70,0.0,0,0,0.0,0,0.0,0.0,0.0,0.0,0.0,0.0,0.0,0.0,0.0,0.0,0.8149837759249239,19,555.8688,128,21498.145647058824,4,-1934.8858999999998,3,-2797.4361,2,-2535.8628000000003,0.0,19.252382352941183,0,1,153,153,1 + planning margin,debt,3,9.094947017729282e-13
33,147,4,3,11244.595800000005,0.0,8702.898799999999,0.0,0.0,,0.0,0.0,0.0,0.0,0.0,0.0,0.0025,0.0,0.0,0.0,1.0,0.0,0.0,0.0,0.0,1.0,0.0,0.0,1.0,0.0,7,0,32.84206745522121,0.6262946238549874,33.4683620790762,16.669361632030594,1.3215044924945751,17.99086612452517,0.0,0.0,0.0,0.0,0,0,0.0,0.0,0.0,1.0,1.0,0.0,0.0,0.0,0.0,0.5,0.25,95.92160000000003,3045.0771000000063,2644.2706,1989,59.6334,374.93100000000015,343.10329999999993,0.0,0.0,0.0,0.0,0.0,0.0,0,0.0,0.0,0.0,0.0,0.0,0.0,0.0,0.015,3.504888364779874,4.348566666666664,NaN,1.3100076923076924,2.468439490445855,10.371126771723548,312.0,318.0,156.0,584.6666666666666,314.0,0.0,68,1,1,1,23,19.0,586.0,7299.286500000005,2541.6525,1403.6568,768,0,0,128,0.349478156967435,0.18885186518651897,0.49070837575470194,6,979.4512000000007,1114.5545,23,0,0.0,0,0,1,0.0,0,0.0,22251.782523529422,0.0,0,0,0,1.5,0,0.0,0,0,0.0,0,0.0,0,0,0.0,0.0,0.0,0,0.0,0.0,NaN,5120.0,NaN,NaN,0,0,0.0,0,0.0,NaN,0,NaN,0,0,0,0.0,0.0,0.0,0.0,0.0,0.0,0.0,0.0,0,0,0,0,68,0.0,0,0,0.0,0,0.0,0.0,0.0,0.0,0.0,0.0,0.0,0.0,0.0,0.0,0.7984418913952152,19,529.5908,128,21722.191723529424,4,-1923.0675,3,-2665.7832,2,-2541.697,0.0,19.68910784313725,0,1,156,156,1 + planning margin,debt,3,9.094947017729282e-13
34,146,4,3,10927.15129999999,0.0,8379.091699999997,0.0,0.0,,0.0,0.0,0.0,0.0,0.0,0.0,0.0025,0.0,0.0,0.0,1.0,0.0,0.0,0.0,0.0,1.0,0.0,0.0,1.0,0.0,7,1,32.31761310633359,0.6141317809043881,32.931744887237976,16.27666962898629,1.233294630276043,17.509964259262333,0.0,0.0,0.0,0.0,0,0,0.0,0.0,0.0,1.0,1.0,0.0,0.0,0.0,0.0,0.5,0.25,91.23600000000002,3090.104700000006,2645.9475999999995,1994,60.0202,377.46470000000005,359.3284,0.0,0.0,0.0,0.0,0.0,0.0,2,0.0,0.0,0.0,0.0,0.0,0.0,0.0,0.015,3.537592605633802,4.419658333333325,NaN,1.3273121794871794,2.4588471337579536,10.059992968571843,312.0,284.0,156.0,582.6666666666666,312.0,0.0,68,2,2,2,13,4.0,582.0,7265.342000000001,2397.1439,1264.6654,768,0,0,128,0.34953621864779594,0.1846123849477901,0.5136659501652572,6,974.3725000000004,1004.6762999999997,13,0,0.0,0,0,2,0.0,0,0.0,22195.61891538462,0.0,0,0,0,1.5,0,0.0,0,0,0.0,0,0.0,0,0,0.0,0.0,0.0,0,0.0,0.0,NaN,5120.0,NaN,NaN,0,0,0.0,0,0.0,NaN,0,NaN,0,0,0,0.0,0.0,0.0,0.0,0.0,0.0,0.0,0.0,0,0,0,0,68,0.0,0,0,0.0,0,0.0,0.0,0.0,0.0,0.0,0.0,0.0,0.0,0.0,0.0,0.7920690843951415,18,487.2428,128,21708.376115384617,4,-1902.2160999999996,3,-2654.0546,2,-2548.0596,0.0,19.650115384615386,1,1,156,156,1 + planning margin,debt,3,9.094947017729282e-13
35,146,4,3,10651.946499999998,0.0,8099.588499999999,0.0,0.0,,0.0,0.0,0.0,0.0,0.0,0.0,0.0025,0.0,0.0,0.0,1.0,0.0,0.0,0.0,0.0,1.0,0.0,0.0,1.0,0.0,9,4,32.67248030751745,0.2116863312093658,32.88416663872682,16.227988842442755,1.0470651691495063,17.275054011592264,0.0,0.0,0.0,0.0,0,0,0.0,0.0,0.0,1.0,1.0,0.0,0.0,0.0,0.0,0.5,0.25,86.93760000000003,3133.193000000006,2645.9475999999995,2000,93.2471,368.45189999999997,701.1107,0.0,0.0,0.0,0.0,0.0,0.0,11,0.0,0.0,0.0,0.0,0.0,0.0,0.0,0.015,3.442696598639455,4.4487355704697995,NaN,1.3554563758389253,2.4637296666666644,9.758193179514688,298.0,294.0,149.0,579.3333333333333,300.00000000000006,0.0,69,4,4,2,12,4.0,579.0,7228.8499999999985,2252.228,1170.8685,768,0,0,128,0.3553767520762743,0.18759699827152354,0.5105826784292506,8,941.0818999999995,1012.1527999999998,12,0,0.0,0,0,4,0.0,0,0.0,22321.897807692305,0.0,0,0,0,1.5,0,0.0,0,0,0.0,0,0.0,0,0,0.0,0.0,0.0,0,0.0,0.0,NaN,5120.0,NaN,NaN,0,0,0.0,0,0.0,NaN,0,NaN,0,0,0,0.0,0.0,0.0,0.0,0.0,0.0,0.0,0.0,0,0,0,0,69,0.0,0,0,0.0,0,0.0,0.0,0.0,0.0,0.0,0.0,0.0,0.0,0.0,0.0,0.7832451949502617,18,435.24699999999996,128,21886.650807692306,4,-1881.772,3,-2597.1315,2,-2552.358,0.0,19.90968269230769,0,1,149,149,1 + planning margin,debt,3,9.094947017729282e-13
36,146,4,3,10357.571000000004,0.0,7802.5967999999975,0.0,0.0,,0.0,0.0,0.0,0.0,0.0,0.0,0.0025,0.0,0.0,0.0,1.0,0.0,0.0,0.0,0.0,1.0,0.0,0.0,1.0,0.0,9,1,34.02939824140089,0.5072535293090136,34.5366517707099,16.84543157910545,1.1740999777899148,18.01953155689537,0.0,0.0,0.0,0.0,0,0,0.0,0.0,0.0,1.0,1.0,0.0,0.0,0.0,0.0,0.5,0.25,84.32140000000004,3175.767000000006,2645.9475999999995,2003,87.8107,382.1862,651.3408000000002,0.0,0.0,0.0,0.0,0.0,0.0,4,0.0,0.0,0.0,0.0,0.0,0.0,0.0,0.01481327804566634,3.41374414715719,4.3771897959183645,NaN,1.3207183673469383,2.4108640765765745,9.465447384129245,294.0,299.0,147.0,576.3333333333334,296.00000000000006,0.0,70,6,4,3,16,6.0,575.0,7131.926099999998,2107.7036,1117.9413,768,0,0,128,0.3609398372608501,0.18799642493519908,0.5091850876692889,9,907.7613000000008,1020.7094999999998,17,1,0.0,0,0,6,0.0,0,0.0,22530.106749664425,0.0,0,0,0,1.5,0,0.0,0,0,0.0,0,0.0,0,0,0.0,0.0,0.0,0,0.0,0.0,NaN,5120.0,NaN,NaN,0,0,0.0,0,0.0,NaN,0,NaN,0,0,0,0.0,0.0,0.0,0.0,0.0,0.0,0.0,0.0,0,0,0,0,70,0.0,0,0,0.0,0,0.0,0.0,0.0,0.0,0.0,0.0,0.0,0.0,0.0,0.0,0.7634984341102478,18,461.84029999999996,128,22068.266449664425,4,-1860.9364,3,-2499.3387,2,-2554.974200000001,0.0,20.33184563758388,0,1,147,147,1 + planning margin,debt,3,9.094947017729282e-13
37,145,4,3,10059.908700000004,0.0,7498.3831,0.0,0.0,,0.0,0.0,0.0,0.0,0.0,0.0,0.0025,0.0,0.0,0.0,1.0,0.0,0.0,0.0,0.0,1.0,0.0,0.0,1.0,0.0,7,3,34.19175651188448,0.4899459150718202,34.6817024269563,16.975990814652526,1.3673392695403124,18.34333008419284,0.0,0.0,0.0,0.0,0,0,0.0,0.0,0.0,1.0,1.0,0.0,0.0,0.0,0.0,0.5,0.25,81.19920000000002,3216.5123000000067,2649.3767999999995,2007,75.19340000000001,372.85569999999996,54.3212,0.0,0.0,0.0,0.0,0.0,0.0,8,0.0,0.0,0.0,0.0,0.0,0.0,4.7357,0.01487380976519509,3.374768813559323,4.291413422818796,NaN,1.3062221476510079,2.398041333333332,9.181483962605368,298.0,295.0,149.0,570.6666666666667,300.0,0.0,68,5,2,5,14,6.0,573.0,7067.6242999999995,1951.7622000000001,1040.5221999999999,768,0,0,128,0.3535275514154661,0.1835573113638398,0.5323704719544402,8,914.0395,995.5568000000003,14,0,0.0,0,0,5,0.0,0,0.0,22053.756791836728,0.0,0,0,0,1.5,0,0.0,0,0,0.0,0,0.0,0,0,0.0,0.0,0.0,0,0.0,0.0,NaN,5120.0,NaN,NaN,0,0,0.0,0,0.0,NaN,0,NaN,0,0,0,0.0,0.0,0.0,0.0,0.0,0.0,0.0,0.0,0,0,0,0,68,0.0,0,0,0.0,0,0.0,0.0,0.0,0.0,0.0,0.0,0.0,0.0,0.0,0.0,0.7656824155764232,17,437.47890000000007,128,21616.277891836726,4,-1851.5178,3,-2426.0378,2,-2561.5256,0.0,19.810775510204074,1,1,149,149,1 + planning margin,debt,3,9.094947017729282e-13
38,143,4,3,9759.762499999995,0.0,7189.4211000000005,0.0,0.0,,0.0,0.0,0.0,0.0,0.0,0.0,0.0025,0.0,0.0,0.0,1.0,0.0,0.0,0.0,0.0,1.0,0.0,0.0,1.0,0.0,6,1,32.5572631014748,2.4301886183596038,34.987451719834404,17.24378542669359,1.3698462149881492,18.613631641681742,0.0,0.0,0.0,0.0,0,0,0.0,0.0,0.0,1.0,1.0,0.0,0.0,0.0,0.0,0.5,0.25,79.03289999999998,3256.632900000006,2656.0262999999995,2010,80.4709,380.6171000000001,627.9280999999999,0.0,0.0,0.0,0.0,0.0,0.0,1,0.0,0.0,0.0,0.0,0.0,0.0,0.0,0.015,3.3178191126279857,4.285352739726031,NaN,1.282933561643836,2.39613401360544,8.906039443727206,292.0,293.0,146.0,565.3333333333334,294.0,0.0,68,4,3,2,13,8.0,566.0,6992.535399999998,1799.5767999999998,967.6503,768,0,0,128,0.35725075180474963,0.1768027062697457,0.522228495260606,6,891.7717000000004,972.1209999999999,13,0,0.0,0,0,4,0.0,0,0.0,21804.553440939613,0.0,0,0,0,1.5,0,0.0,0,0,0.0,0,0.0,0,0,0.0,0.0,0.0,0,0.0,0.0,NaN,5120.0,NaN,NaN,0,0,0.0,0,0.0,NaN,0,NaN,0,0,0,0.0,0.0,0.0,0.0,0.0,0.0,0.0,0.0,0,0,0,0,68,0.0,0,0,0.0,0,0.0,0.0,0.0,0.0,0.0,0.0,0.0,0.0,0.0,0.0,0.7565850107545331,15,410.7662000000001,128,21393.78724093961,4,-1838.3432000000003,3,-2348.1897,2,-2570.3413999999993,0.0,19.59333221476512,2,1,146,146,1 + planning margin,debt,3,9.094947017729282e-13
39,143,4,3,9450.453199999998,0.0,6877.0665,0.0,0.0,,0.0,0.0,0.0,0.0,0.0,0.0,0.0025,0.0,0.0,0.0,1.0,0.0,0.0,0.0,0.0,1.0,0.0,0.0,1.0,0.0,8,3,32.8456958314832,2.237307889528889,35.08300372101208,17.812642279099002,0.9853665152206948,18.7980087943197,0.0,0.0,0.0,0.0,0,0,0.0,0.0,0.0,1.0,1.0,0.0,0.0,0.0,0.0,0.5,0.25,75.98759999999996,3294.763000000007,2656.0262999999995,2014,60.773300000000006,370.08260000000007,317.93030000000005,0.0,0.0,0.0,0.0,0.0,0.0,4,0.0,0.0,0.0,0.0,0.0,0.0,0.0,0.014981038338759977,3.2927003508771917,4.249957342657336,NaN,1.2632349650349644,2.3827930555555628,8.638858260415388,286.0,285.0,143.0,563.6666666666666,288.0,0.0,70,5,4,1,10,6.0,564.0,6921.366900000003,1645.2739,883.8124,768,0,0,128,0.3710838856233618,0.18168163631652345,0.5232324607265049,8,866.8870000000005,938.4195999999996,10,0,0.0,0,0,5,0.0,0,0.0,21461.375030136987,0.0,0,0,0,1.5,0,0.0,0,0,0.0,0,0.0,0,0,0.0,0.0,0.0,0,0.0,0.0,NaN,5120.0,NaN,NaN,0,0,0.0,0,0.0,NaN,0,NaN,0,0,0,0.0,0.0,0.0,0.0,0.0,0.0,0.0,0.0,0,0,0,0,70,0.0,0,0,0.0,0,0.0,0.0,0.0,0.0,0.0,0.0,0.0,0.0,0.0,0.0,0.7668567347227542,15,384.2932,128,21077.08183013699,4,-1827.2860999999998,3,-2281.3076,2,-2573.3866999999996,0.0,19.24400342465754,0,1,143,143,1 + planning margin,debt,3,9.094947017729282e-13
40,140,4,3,9160.170099999998,0.0,6574.788999999999,0.0,0.0,,0.0,0.0,0.0,0.0,0.0,0.0,0.0025,0.0,0.0,0.0,1.0,0.0,0.0,0.0,0.0,1.0,0.0,0.0,1.0,0.0,3,1,28.328286133737716,6.570695087458005,34.898981221195726,16.828190658452336,1.824148680398407,18.65233933885074,0.0,0.0,0.0,0.0,0,0,0.0,0.0,0.0,1.0,1.0,0.0,0.0,0.0,0.0,0.5,0.25,73.33179999999997,3331.5416000000077,2665.4325,2020,87.7626,378.0456999999997,922.1100999999999,0.0,0.0,0.0,0.0,0.0,0.0,2,0.0,0.0,0.0,0.0,0.0,0.0,0.0,0.015,3.2711663299663307,4.209866666666658,NaN,1.2502256944444443,2.3678624137931052,8.379692512602928,288.0,297.0,144.0,558.0,288.0,0.0,67,2,2,1,16,12.0,556.0,6836.094,1488.6012,835.4749,768,0,0,128,0.3556711963628021,0.16433698124633933,0.521313631399221,1,861.9525999999993,971.5364000000002,16,0,0.0,0,0,2,0.0,0,0.0,21135.371797202788,0.0,0,0,0,1.5,0,0.0,0,0,0.0,0,0.0,0,0,0.0,0.0,0.0,0,0.0,0.0,NaN,5120.0,NaN,NaN,0,0,0.0,0,0.0,NaN,0,NaN,0,0,0,0.0,0.0,0.0,0.0,0.0,0.0,0.0,0.0,0,0,0,0,67,0.0,0,0,0.0,0,0.0,0.0,0.0,0.0,0.0,0.0,0.0,0.0,0.0,0.0,0.7444619270442252,12,431.75050000000005,128,20703.62129720279,4,-1818.5987999999998,3,-2178.9251,2,-2585.3811000000005,0.0,18.948524475524465,3,1,144,144,1 + planning margin,debt,3,9.094947017729282e-13
41,140,4,3,8876.007799999998,0.0,6287.710199999997,0.0,0.0,,0.0,0.0,0.0,0.0,0.0,0.0,0.0025,0.0,0.0,0.0,1.0,0.0,0.0,0.0,0.0,1.0,0.0,0.0,1.0,0.0,3,0,28.57642649965486,6.283676605187263,34.860103104842125,16.823145505848846,1.7688514001416424,18.59199690599049,0.0,0.0,0.0,0.0,0,0,0.0,0.0,0.0,1.0,1.0,0.0,0.0,0.0,0.0,0.5,0.25,70.41529999999999,3366.9265000000073,2665.4325,2024,85.7829,369.94519999999994,339.5631,0.0,0.0,0.0,0.0,0.0,0.0,0,0.0,0.0,0.0,0.0,0.0,0.0,0.0,0.014596235849058486,3.266362542955325,4.169869014084511,NaN,1.2423500000000005,2.3633305361305412,8.12830173722484,284.0,291.0,142.0,554.6666666666666,286.00000000000006,0.0,67,2,1,1,14,12.0,557.0,6763.133000000002,1325.8495,787.0253,768,0,0,128,0.35657965493634003,0.16574835808886657,0.5272180030871485,3,852.3261999999996,950.5114999999996,14,0,0.0,0,0,2,0.0,0,0.0,20883.5428,0.0,0,0,0,1.5,0,0.0,0,0,0.0,0,0.0,0,0,0.0,0.0,0.0,0,0.0,0.0,NaN,5120.0,NaN,NaN,0,0,0.0,0,0.0,NaN,0,NaN,0,0,0,0.0,0.0,0.0,0.0,0.0,0.0,0.0,0.0,0,0,0,0,67,0.0,0,0,0.0,0,0.0,0.0,0.0,0.0,0.0,0.0,0.0,0.0,0.0,0.0,0.7435554198617382,12,413.8224999999999,128,20469.7203,4,-1815.9905000000003,3,-2076.6547,2,-2588.2975999999994,0.0,18.753385416666664,0,1,142,142,1 + planning margin,debt,3,9.094947017729282e-13
42,140,4,3,8571.650500000002,0.0,5980.704099999998,0.0,0.0,,0.0,0.0,0.0,0.0,0.0,0.0,0.0025,0.0,0.0,0.0,1.0,0.0,0.0,0.0,0.0,1.0,0.0,0.0,1.0,0.0,6,0,29.29672494756772,5.7804831285952005,35.07720807616292,17.249839180573534,1.6555998345552452,18.90543901512878,0.0,0.0,0.0,0.0,0,0,0.0,0.0,0.0,1.0,1.0,0.0,0.0,0.0,0.0,0.5,0.25,67.76650000000002,3401.1185000000087,2665.4325,2031,65.7501,370.1074000000001,730.6427,0.0,0.0,0.0,0.0,0.0,0.0,0,0.0,0.0,0.0,0.0,0.0,0.0,0.0,0.015,3.2859023809523817,4.16084383561644,NaN,1.2497253424657533,2.3688139455782253,7.884452685108094,292.0,294.0,146.0,556.3333333333334,294.0,0.0,66,2,1,4,18,14.0,556.0,6680.878400000001,1161.6752000000001,729.0969,768,0,0,128,0.3664060113925822,0.16874966829935167,0.5108063871517075,5,878.8912000000005,966.0553000000002,18,0,0.0,0,0,2,0.0,0,0.0,20701.486300000008,0.0,0,0,0,1.5,0,0.0,0,0,0.0,0,0.0,0,0,0.0,0.0,0.0,0,0.0,0.0,NaN,5120.0,NaN,NaN,0,0,0.0,0,0.0,NaN,0,NaN,0,0,0,0.0,0.0,0.0,0.0,0.0,0.0,0.0,0.0,0,0,0,0,66,0.0,0,0,0.0,0,0.0,0.0,0.0,0.0,0.0,0.0,0.0,0.0,0.0,0.0,0.7433851733008694,12,374.3088,128,20327.17750000001,4,-1814.8048000000001,3,-1983.8631,2,-2590.9464000000003,0.0,18.635250000000006,0,1,146,146,1 + planning margin,debt,3,9.094947017729282e-13
43,138,4,3,8268.588200000004,0.0,5670.333699999999,0.0,0.0,,0.0,0.0,0.0,0.0,0.0,0.0,0.0025,0.0,0.0,0.0,1.0,0.0,0.0,0.0,0.0,1.0,0.0,0.0,1.0,0.0,4,2,26.912642255232416,8.360563823986766,35.27320607921918,17.362066954138133,1.6741454655856651,19.0362124197238,0.0,0.0,0.0,0.0,0,0,0.0,0.0,0.0,1.0,1.0,0.0,0.0,0.0,0.0,0.5,0.25,64.75560000000002,3433.633800000012,2669.7296999999994,2035,67.4311,370.4933999999999,422.88809999999995,0.0,0.0,0.0,0.0,0.0,0.0,4,0.0,0.0,0.0,0.0,0.0,0.0,10.0426,0.015,3.294362807017543,4.191486206896552,NaN,1.2594124137931033,2.371422488584478,7.647919104554851,290.0,285.0,145.0,547.9999999999999,290.6666666666667,0.0,64,0,0,1,10,14.0,552.0,6633.036500000003,1001.0765,634.4752,768,0,0,128,0.3684056286866586,0.1590590789616837,0.4871095798226077,2,873.7954000000002,938.8933999999998,10,0,0.0,0,0,0,0.0,0,0.0,20732.89874520548,0.0,0,0,0,1.5,0,0.0,0,0,0.0,0,0.0,0,0,0.0,0.0,0.0,0,0.0,0.0,NaN,5120.0,NaN,NaN,0,0,0.0,0,0.0,NaN,0,NaN,0,0,0,0.0,0.0,0.0,0.0,0.0,0.0,0.0,0.0,0,0,0,0,64,0.0,0,0,0.0,0,0.0,0.0,0.0,0.0,0.0,0.0,0.0,0.0,0.0,0.0,0.7235496714497347,10,382.0535,128,20350.84524520548,4,-1810.0434999999998,3,-1927.7648000000004,2,-2598.2545000000005,0.0,18.7458801369863,2,1,145,145,1 + planning margin,debt,3,9.094947017729282e-13
44,138,4,3,7942.595300000004,0.0,5341.6051,0.0,0.0,,0.0,0.0,0.0,0.0,0.0,0.0,0.0025,0.0,0.0,0.0,1.0,0.0,0.0,0.0,0.0,1.0,0.0,0.0,1.0,0.0,4,1,27.191717901404623,8.130405853657294,35.32212375506192,17.653069103935096,1.3987150990730157,19.05178420300811,0.0,0.0,0.0,0.0,0,0,0.0,0.0,0.0,1.0,1.0,0.0,0.0,0.0,0.0,0.5,0.25,62.01990000000003,3464.9231000000136,2669.7296999999994,2044,44.2024,370.19530000000026,595.2957,0.0,0.0,0.0,0.0,0.0,0.0,2,0.0,0.0,0.0,0.0,0.0,0.0,10.0426,0.015,3.2762761245674747,4.186156028368795,NaN,1.2649319148936171,2.3753933098591555,7.418481531418204,282.0,289.0,141.0,550.6666666666666,284.00000000000006,0.0,66,1,1,0,18,11.0,551.0,6522.0885,839.6135999999999,580.8932,768,0,0,128,0.3749755011179605,0.15853343946921927,0.518777242899656,4,852.9669000000001,946.8438000000002,18,0,0.0,0,0,1,0.0,0,0.0,20746.194406896546,0.0,0,0,0,1.5,0,0.0,0,0,0.0,0,0.0,0,0,0.0,0.0,0.0,0,0.0,0.0,NaN,5120.0,NaN,NaN,0,0,0.0,0,0.0,NaN,0,NaN,0,0,0,0.0,0.0,0.0,0.0,0.0,0.0,0.0,0.0,0,0,0,0,66,0.0,0,0,0.0,0,0.0,0.0,0.0,0.0,0.0,0.0,0.0,0.0,0.0,0.0,0.7109374539300621,10,371.7652,128,20374.429206896544,4,-1806.1464000000003,3,-1830.6268,2,-2600.9902,0.0,18.89118620689655,0,1,141,141,1 + planning margin,debt,3,9.094947017729282e-13
45,138,4,3,7672.927600000001,0.0,5068.694900000002,0.0,0.0,,0.0,0.0,0.0,0.0,0.0,0.0,0.0025,0.0,0.0,0.0,1.0,0.0,0.0,0.0,0.0,1.0,0.0,0.0,1.0,0.0,5,1,27.35448020486011,7.96868624521334,35.32316645007345,17.44032640336241,1.3805514813681892,18.8208778847306,0.0,0.0,0.0,0.0,0,0,0.0,0.0,0.0,1.0,1.0,0.0,0.0,0.0,0.0,0.5,0.25,58.7774,3494.3287000000137,2669.7296999999994,2050,97.19899999999998,366.86669999999987,667.6042,0.0,0.0,0.0,0.0,0.0,0.0,2,0.0,0.0,0.0,0.0,0.0,0.0,10.0426,0.015,3.2874551601423483,4.186747586206901,NaN,1.2538089655172404,2.362184931506853,7.19592708547566,290.0,281.0,145.0,551.0,292.0,0.0,64,1,0,3,13,6.0,551.0,6508.924500000001,682.8583,481.14480000000003,768,0,0,128,0.37727952486676153,0.16133386487256285,0.520102835493234,4,871.5602999999995,923.7748999999999,13,0,0.0,0,0,1,0.0,0,0.0,20753.445259574466,0.0,0,0,0,1.5,0,0.0,0,0,0.0,0,0.0,0,0,0.0,0.0,0.0,0,0.0,0.0,NaN,5120.0,NaN,NaN,0,0,0.0,0,0.0,NaN,0,NaN,0,0,0,0.0,0.0,0.0,0.0,0.0,0.0,0.0,0.0,0,0,0,0,64,0.0,0,0,0.0,0,0.0,0.0,0.0,0.0,0.0,0.0,0.0,0.0,0.0,0.0,0.7079748082627744,10,348.6341999999999,128,20404.811059574462,4,-1797.5417000000002,3,-1779.6552000000001,2,-2604.2327,0.0,18.973978723404258,0,1,145,145,1 + planning margin,debt,3,9.094947017729282e-13
46,138,4,3,7377.544900000001,0.0,4770.6395999999995,0.0,0.0,,0.0,0.0,0.0,0.0,0.0,0.0,0.0025,0.0,0.0,0.0,1.0,0.0,0.0,0.0,0.0,1.0,0.0,0.0,1.0,0.0,5,2,27.378961833720812,7.620743101007735,34.99970493472854,17.43158159293692,1.1167181103473214,18.54829970328424,0.0,0.0,0.0,0.0,0,0,0.0,0.0,0.0,1.0,1.0,0.0,0.0,0.0,0.0,0.5,0.25,56.10479999999998,3522.6886000000163,2669.7296999999994,2057,72.6851,368.0678000000002,1059.1848,0.0,0.0,0.0,0.0,0.0,0.0,5,0.0,0.0,0.0,0.0,0.0,0.0,2.5893,0.015,3.259122580645162,4.204466666666668,NaN,1.2527583333333325,2.354796321839083,6.98004927291139,288.0,279.0,144.0,547.3333333333333,290.0,0.0,64,2,2,2,10,5.0,550.0,6468.8348000000005,527.6623,381.0478,768,0,0,128,0.38057826184521293,0.1645352574590131,0.537796639716116,6,863.2879999999989,909.2952000000001,11,1,0.0,0,0,2,0.0,0,0.0,20567.19448275862,0.0,0,0,0,1.5,0,0.0,0,0,0.0,0,0.0,0,0,0.0,0.0,0.0,0,0.0,0.0,NaN,5120.0,NaN,NaN,0,0,0.0,0,0.0,NaN,0,NaN,0,0,0,0.0,0.0,0.0,0.0,0.0,0.0,0.0,0.0,0,0,0,0,64,0.0,0,0,0.0,0,0.0,0.0,0.0,0.0,0.0,0.0,0.0,0.0,0.0,0.0,0.7120451993519621,10,321.13390000000004,128,20246.060582758615,4,-1787.3777,3,-1729.0322,2,-2606.9053,0.0,18.807134482758606,0,1,144,144,1 + planning margin,debt,3,9.094947017729282e-13
47,138,4,3,7090.7509999999975,0.0,4481.5985,0.0,0.0,,0.0,0.0,0.0,0.0,0.0,0.0,0.0025,0.0,0.0,0.0,1.0,0.0,0.0,0.0,0.0,1.0,0.0,0.0,1.0,0.0,6,3,28.538408734235656,7.185777972598993,35.72418670683465,18.018220497275564,0.9922477792219104,19.010468276497473,0.0,0.0,0.0,0.0,0,0,0.0,0.0,0.0,1.0,1.0,0.0,0.0,0.0,0.0,0.5,0.25,53.857599999999984,3550.1233000000175,2669.7296999999994,2063,85.26039999999999,372.0543,1036.0270999999998,0.0,0.0,0.0,0.0,0.0,0.0,4,0.0,0.0,0.0,0.0,0.0,0.0,2.6476,0.014810565783373413,3.2146035587188626,4.173681428571426,NaN,1.2633228571428572,2.3322354609929135,6.770647794724049,280.0,281.0,140.0,547.3333333333334,282.0,0.0,67,4,4,1,12,7.0,547.0,6421.8749,367.80129999999997,301.0748,768,0,0,129,0.38804715410845314,0.16976323126810589,0.5062909520652221,6,834.5555999999997,903.3036000000004,12,0,0.0,0,0,4,0.0,0,0.0,20481.092399999987,0.0,0,0,0,1.5,0,0.0,0,0,0.0,0,0.0,0,0,0.0,0.0,0.0,0,0.0,0.0,NaN,5120.0,NaN,NaN,0,0,0.0,0,0.0,NaN,0,NaN,0,0,0,0.0,0.0,0.0,0.0,0.0,0.0,0.0,0.0,0,0,0,0,67,0.0,0,0,0.0,0,0.0,0.0,0.0,0.0,0.0,0.0,0.0,0.0,0.0,0.0,0.7134369952653306,9,143.52949999999998,129,20337.562899999986,4,-1781.8786999999998,3,-1658.2852,2,-2609.1525,0.0,18.791374999999988,0,1,140,140,1 + planning margin,debt,3,9.094947017729282e-13
48,137,4,3,6757.129999999997,0.0,4140.123199999997,0.0,0.0,,0.0,0.0,0.0,0.0,0.0,0.0,0.0025,0.0,0.0,0.0,1.0,0.0,0.0,0.0,0.0,1.0,0.0,0.0,1.0,0.0,5,1,27.544051705069585,9.006773334060458,36.55082503913004,17.91210654029118,1.377772647930488,19.28987918822167,0.0,0.0,0.0,0.0,0,0,0.0,0.0,0.0,1.0,1.0,0.0,0.0,0.0,0.0,0.5,0.25,51.24179999999998,3576.0437000000197,2675.0454999999993,2066,39.0579,372.6788999999999,284.8712,0.0,0.0,0.0,0.0,0.0,0.0,4,0.0,0.0,0.0,0.0,0.0,0.0,2.6476,0.014916057259476735,3.1870974820143907,4.134755395683454,NaN,1.2435302158273376,2.319806071428565,6.567528360882326,278.0,278.0,139.0,543.6666666666667,280.0,0.0,66,3,3,1,10,8.0,543.0,6332.7264,208.86789999999996,215.53570000000002,768,0,0,129,0.38579786627868784,0.16134292287174667,0.5141084707720829,4,822.3965999999996,886.0131000000006,10,0,0.0,0,0,3,0.0,0,0.0,20539.042514285713,0.0,0,0,0,1.5,0,0.0,0,0,0.0,0,0.0,0,0,0.0,0.0,0.0,0,0.0,0.0,NaN,5120.0,NaN,NaN,0,0,0.0,0,0.0,NaN,0,NaN,0,0,0,0.0,0.0,0.0,0.0,0.0,0.0,0.0,0.0,0,0,0,0,66,0.0,0,0,0.0,0,0.0,0.0,0.0,0.0,0.0,0.0,0.0,0.0,0.0,0.0,0.6933173026604269,8,171.65580000000003,129,20367.386714285713,4,-1775.4521,3,-1593.1043,2,-2617.0068,0.0,18.94984285714286,1,1,139,139,1 + planning margin,debt,3,9.094947017729282e-13
49,136,4,3,6446.817400000002,0.0,3825.2706000000003,0.0,0.0,,0.0,0.0,0.0,0.0,0.0,0.0,0.0025,0.0,0.0,0.0,1.0,0.0,0.0,0.0,0.0,1.0,0.0,0.0,1.0,0.0,4,3,26.361712178489693,10.169948422400774,36.53166060089047,17.69249975778332,1.4899775103292963,19.182477268112617,0.0,0.0,0.0,0.0,0,0,0.0,0.0,0.0,1.0,1.0,0.0,0.0,0.0,0.0,0.5,0.25,48.307899999999975,3600.324200000023,2676.6515999999992,2071,60.316199999999995,370.6287999999999,708.118,0.0,0.0,0.0,0.0,0.0,0.0,5,0.0,0.0,0.0,0.0,0.0,0.0,0.0,0.015,3.171865853658539,4.124886131386867,NaN,1.2139846715328468,2.306578260869563,6.370502510055855,274.0,287.0,137.0,539.6666666666667,274.0,0.0,66,1,1,0,18,7.0,543.0,6217.984900000002,56.6138,172.2187,768,0,0,129,0.3867612802879741,0.15801595875545726,0.5073515114503966,4,798.1784000000002,910.3255000000006,18,0,0.0,0,0,1,0.0,0,0.0,20197.280186330936,0.0,0,0,0,1.5,0,0.0,0,0,0.0,0,0.0,0,0,0.0,0.0,0.0,0,0.0,0.0,NaN,5120.0,NaN,NaN,0,0,0.0,0,0.0,NaN,0,NaN,0,0,0,0.0,0.0,0.0,0.0,0.0,0.0,0.0,0.0,0,0,0,0,66,0.0,0,0,0.0,0,0.0,0.0,0.0,0.0,0.0,0.0,0.0,0.0,0.0,0.0,0.6877459941305577,7,170.8131,129,20026.467086330933,4,-1764.5640000000003,3,-1485.7013,2,-2621.5468,0.0,18.652953237410063,1,1,137,137,1 + planning margin,debt,3,9.094947017729282e-13
50,136,3,3,6311.4929,0.0,3224.524499999999,0.0,0.0,,0.0,0.0,0.0,0.0,0.0,0.0,0.0025,0.0,0.0,0.0,1.0,0.0,0.0,0.0,0.0,1.0,0.0,0.0,1.0,0.0,5,2,26.661281480262353,9.631701949940599,36.29298343020295,17.591977539901922,1.3986551239089744,18.990632663810896,0.0,0.0,0.0,0.0,0,0,0.0,0.0,0.0,1.0,1.0,0.0,0.0,0.0,0.0,0.5,0.25,39.84409999999998,3617.6003000000246,3135.8941999999993,2078,70.502,205.8265,769.8986,0.0,0.0,0.0,0.0,0.0,0.0,11,0.0,0.0,0.0,0.0,0.0,0.0,17.050400000000003,0.015,3.2029063197026013,4.094639160839158,NaN,1.2055867132867135,2.305702430555557,5.4079521144886415,286.0,269.0,143.0,543.0,288.0,0.0,64,3,3,0,8,2.0,540.0,6198.901000000001,0.0,112.59190000000001,768,0,0,129,0.3885734781147212,0.162945915533937,0.520265819438158,5,829.6264000000001,861.5817999999997,9,1,0.0,0,0,3,0.0,0,0.0,19820.03151605839,0.0,0,0,0,1.5,0,0.0,0,0,0.0,0,0.0,0,0,0.0,0.0,0.0,0,0.0,0.0,NaN,5120.0,NaN,NaN,0,0,0.0,0,0.0,NaN,0,NaN,0,0,0,0.0,0.0,0.0,0.0,0.0,0.0,0.0,0.0,0,0,0,0,64,0.0,0,0,0.0,0,0.0,0.0,0.0,0.0,0.0,0.0,0.0,0.0,0.0,0.0,0.698212626506274,7,159.4163,129,19660.61521605839,3,-1303.1116,3,-1444.8481,2,-3086.9683999999997,0.0,18.209770072992704,0,2,108,143,1 + planning margin,debt,3,9.094947017729282e-13
51,135,0,3,6223.184000000001,3.4208,1835.5801999999994,0.0,0.0,,0.0,0.0,0.0,0.0,0.0,0.0,0.0025,0.0,0.0,0.0,1.0,0.0,0.0,0.0,0.0,1.0,0.0,0.0,1.0,0.0,4,1,25.806985895378354,10.28835932421553,36.09534521959388,17.61154047457496,1.4575712867392778,19.069111761314236,0.0,0.0,0.0,0.0,0,0,0.0,0.0,0.0,1.0,1.0,0.0,0.0,0.0,0.0,0.5,0.25,40.935899999999975,3640.2156000000255,4441.042199999999,2081,89.4607,174.3488,513.1055000000001,0.0,0.0,0.0,0.0,0.0,0.0,6,0.0,0.0,0.0,0.0,0.0,0.0,0.0,0.015,3.1129562277580085,4.103227007299268,NaN,1.2296145985401452,2.297981159420294,0.8548162713618366,274.0,281.0,137.0,538.0,276.0,0.0,65,2,2,2,13,6.0,536.0,6164.3523000000005,0.0,58.8317,768,0,0,129,0.39188994630495944,0.1619766791698667,0.5310945729924113,4,809.5148000000003,874.7407000000004,14,1,0.0,0,0,2,0.0,0,0.0,19659.00553706295,0.0,0,0,0,1.5,0,0.0,0,0,0.0,0,0.0,0,0,0.0,0.0,0.0,0,0.0,0.0,NaN,5120.0,NaN,NaN,0,0,0.0,0,0.0,NaN,0,NaN,0,0,0,0.0,0.0,0.0,0.0,0.0,0.0,0.0,0.0,0,0,0,0,65,0.0,0,0,0.0,0,0.0,0.0,0.0,0.0,0.0,0.0,0.0,0.0,0.0,0.0,0.6788687868979311,6,156.776,129,19502.229537062947,0,0.0,3,-1383.0428,2,-4391.0246,0.0,18.083800699300703,1,5,0,137,1 + planning margin,debt,3,9.094947017729282e-13
