rung,system,villagers,landowners,farms,bakeries,theatres,coops,ownership,founders,share_market,shows,seats_per_theatre,wage_tax,capital_tax,dividend_tax,consumption_tax,wealth_tax,public_jobs_share,benefit_loaves,bonds,reserve_rounds,tax_policy,levers,profit_tax,income_tax_period,profit_tax_period,deposit_interest,deposit_period,bank_rate_start,bank_rate_cap,government_rate,guaranteed_income,buffer,parking_fee,parking_tax,account_fee_person,account_fee_enterprise,charge_on_balances,price_bread,price_grain,price_wage,price_rent,price_ticket,unmet_share,unsold_share,ask_floor,bread_ceiling,planning_margin,greed
0 bare bones,debt,512,128,4,4,0,0,none,0,false,1,0,0.0,0.0,0.3,0.0,0.0,0.0,0.0,false,0,none,,0.0,1,1,0.0,1,0.005,0.015,0.005,0.0,0.0,0.0,0.0,0.0,0.0,0.0,5.0,5.2,3.92,0.75,2.0,0.05,0.05,none,1.3,0.0,
0 bare bones,sumsy,512,128,4,4,0,0,none,0,false,1,0,0.0,0.0,0.0,0.0,0.0,0.0,0.0,false,0,none,,0.0,1,1,0.0,1,0.005,0.015,0.005,5.0,30.0,0.02,0.0,0.5,1.5,0.0,5.0,5.2,3.92,0.75,2.0,0.05,0.05,none,1.3,0.0,
1 + planning margin,debt,512,128,4,4,0,0,none,0,false,1,0,0.0,0.0,0.3,0.0,0.0,0.0,0.0,false,0,none,,0.0,1,1,0.0,1,0.005,0.015,0.005,0.0,0.0,0.0,0.0,0.0,0.0,0.0,5.0,5.2,3.92,0.75,2.0,0.05,0.05,none,1.3,0.1,
1 + planning margin,sumsy,512,128,4,4,0,0,none,0,false,1,0,0.0,0.0,0.0,0.0,0.0,0.0,0.0,false,0,none,,0.0,1,1,0.0,1,0.005,0.015,0.005,5.0,30.0,0.02,0.0,0.5,1.5,0.0,5.0,5.2,3.92,0.75,2.0,0.05,0.05,none,1.3,0.1,
2 + government,debt,512,128,4,4,0,0,none,0,false,1,0,0.15,0.15,0.3,0.0,0.0,0.1,2.0,false,0,none,,0.1,1,1,0.0,1,0.005,0.015,0.005,0.0,0.0,0.0,0.0,0.0,0.0,0.0,5.0,5.2,3.92,0.75,2.0,0.05,0.05,none,1.3,0.1,
2 + government,sumsy,512,128,4,4,0,0,none,0,false,1,0,0.0,0.0,0.0,0.0,0.0,0.1,0.0,false,0,none,,0.0,1,1,0.0,1,0.005,0.015,0.005,5.0,30.0,0.02,0.01,0.5,1.5,0.0,5.0,5.2,3.92,0.75,2.0,0.05,0.05,none,1.3,0.1,
3 + interest on deposits,debt,512,128,4,4,0,0,none,0,false,1,0,0.15,0.15,0.3,0.0,0.0,0.1,2.0,false,0,none,,0.1,1,1,0.01,12,0.005,0.015,0.005,0.0,0.0,0.0,0.0,0.0,0.0,0.0,5.0,5.2,3.92,0.75,2.0,0.05,0.05,none,1.3,0.1,
3 + interest on deposits,sumsy,512,128,4,4,0,0,none,0,false,1,0,0.0,0.0,0.0,0.0,0.0,0.1,0.0,false,0,none,,0.0,1,1,0.0,1,0.005,0.015,0.005,5.0,30.0,0.02,0.01,0.5,1.5,0.0,5.0,5.2,3.92,0.75,2.0,0.05,0.05,none,1.3,0.1,
4 + theatres,debt,512,128,4,4,2,0,none,0,false,1,320,0.15,0.15,0.3,0.0,0.0,0.1,2.0,false,0,none,,0.1,1,1,0.01,12,0.005,0.015,0.005,0.0,0.0,0.0,0.0,0.0,0.0,0.0,5.0,5.2,3.92,0.75,2.0,0.05,0.05,none,1.3,0.1,
4 + theatres,sumsy,512,128,4,4,2,0,none,0,false,1,320,0.0,0.0,0.0,0.0,0.0,0.1,0.0,false,0,none,,0.0,1,1,0.0,1,0.005,0.015,0.005,5.0,30.0,0.02,0.01,0.5,1.5,0.0,5.0,5.2,3.92,0.75,2.0,0.05,0.05,none,1.3,0.1,
5 + government bonds,debt,512,128,4,4,2,0,none,0,false,1,320,0.15,0.15,0.3,0.0,0.0,0.1,2.0,true,0,none,,0.1,1,1,0.01,12,0.005,0.015,0.005,0.0,0.0,0.0,0.0,0.0,0.0,0.0,5.0,5.2,3.92,0.75,2.0,0.05,0.05,none,1.3,0.1,
5 + government bonds,sumsy,512,128,4,4,2,0,none,0,false,1,320,0.0,0.0,0.0,0.0,0.0,0.1,0.0,false,0,none,,0.0,1,1,0.0,1,0.005,0.015,0.005,5.0,30.0,0.02,0.01,0.5,1.5,0.0,5.0,5.2,3.92,0.75,2.0,0.05,0.05,none,1.3,0.1,
6 + charge on balances,debt,512,128,4,4,2,0,none,0,false,1,320,0.15,0.15,0.3,0.0,0.0,0.1,2.0,true,0,none,,0.1,1,1,0.01,12,0.005,0.015,0.005,0.0,0.0,0.0,0.0,0.0,0.0,0.02,5.0,5.2,3.92,0.75,2.0,0.05,0.05,none,1.3,0.1,
6 + charge on balances,sumsy,512,128,4,4,2,0,none,0,false,1,320,0.0,0.0,0.0,0.0,0.0,0.1,0.0,false,0,none,,0.0,1,1,0.0,1,0.005,0.015,0.005,5.0,30.0,0.02,0.01,0.5,1.5,0.02,5.0,5.2,3.92,0.75,2.0,0.05,0.05,none,1.3,0.1,
7 + two more theatres,debt,512,128,4,4,4,0,none,0,false,1,160,0.15,0.15,0.3,0.0,0.0,0.1,2.0,true,0,none,,0.1,1,1,0.01,12,0.005,0.015,0.005,0.0,0.0,0.0,0.0,0.0,0.0,0.0,5.0,5.2,3.92,0.75,2.0,0.05,0.05,none,1.3,0.1,
7 + two more theatres,sumsy,512,128,4,4,4,0,none,0,false,1,160,0.0,0.0,0.0,0.0,0.0,0.1,0.0,false,0,none,,0.0,1,1,0.0,1,0.005,0.015,0.005,5.0,30.0,0.02,0.01,0.5,1.5,0.0,5.0,5.2,3.92,0.75,2.0,0.05,0.05,none,1.3,0.1,
8 + shareholders & share market,debt,512,128,4,4,4,0,shareholders,48,true,1,160,0.15,0.15,0.3,0.0,0.0,0.1,2.0,true,0,none,,0.1,1,1,0.01,12,0.005,0.015,0.005,0.0,0.0,0.0,0.0,0.0,0.0,0.0,5.0,5.2,3.92,0.75,2.0,0.05,0.05,none,1.3,0.1,
8 + shareholders & share market,sumsy,512,128,4,4,4,0,shareholders,48,true,1,160,0.0,0.0,0.0,0.0,0.0,0.1,0.0,false,0,none,,0.0,1,1,0.0,1,0.005,0.015,0.005,5.0,30.0,0.02,0.01,0.5,1.5,0.0,5.0,5.2,3.92,0.75,2.0,0.05,0.05,none,1.3,0.1,
9 co-ops (side rung),debt,512,128,4,4,4,6,mixed,24,true,1,160,0.15,0.15,0.3,0.0,0.0,0.1,2.0,true,0,none,,0.1,1,1,0.01,12,0.005,0.015,0.005,0.0,0.0,0.0,0.0,0.0,0.0,0.0,5.0,5.2,3.92,0.75,2.0,0.05,0.05,none,1.3,0.1,
9 co-ops (side rung),sumsy,512,128,4,4,4,6,mixed,24,true,1,160,0.0,0.0,0.0,0.0,0.0,0.1,0.0,false,0,none,,0.0,1,1,0.0,1,0.005,0.015,0.005,5.0,30.0,0.02,0.01,0.5,1.5,0.0,5.0,5.2,3.92,0.75,2.0,0.05,0.05,none,1.3,0.1,
10 + responsive prices,debt,512,128,4,4,4,0,shareholders,48,true,1,160,0.15,0.15,0.3,0.0,0.0,0.1,2.0,true,0,none,,0.1,1,1,0.01,12,0.005,0.015,0.005,0.0,0.0,0.0,0.0,0.0,0.0,0.0,5.0,5.2,3.92,0.75,2.0,0.05,0.05,cost,2.0,0.1,
10 + responsive prices,sumsy,512,128,4,4,4,0,shareholders,48,true,1,160,0.0,0.0,0.0,0.0,0.0,0.1,0.0,false,0,none,,0.0,1,1,0.0,1,0.005,0.015,0.005,5.0,30.0,0.02,0.01,0.5,1.5,0.0,5.0,5.2,3.92,0.75,2.0,0.05,0.05,cost,2.0,0.1,
11 + government reserve,debt,512,128,4,4,4,0,shareholders,48,true,1,160,0.15,0.15,0.3,0.0,0.0,0.1,2.0,true,3,none,,0.1,1,1,0.01,12,0.005,0.015,0.005,0.0,0.0,0.0,0.0,0.0,0.0,0.0,5.0,5.2,3.92,0.75,2.0,0.05,0.05,cost,2.0,0.1,
11 + government reserve,sumsy,512,128,4,4,4,0,shareholders,48,true,1,160,0.0,0.0,0.0,0.0,0.0,0.1,0.0,false,3,none,,0.0,1,1,0.0,1,0.005,0.015,0.005,5.0,30.0,0.02,0.01,0.5,1.5,0.0,5.0,5.2,3.92,0.75,2.0,0.05,0.05,cost,2.0,0.1,
12 + fiscal policy and VAT,debt,512,128,4,4,4,0,shareholders,48,true,1,160,0.15,0.15,0.3,0.06,0.0,0.1,2.0,true,3,scale,"income -3.0, consumption 0.0, wealth 0.0, profit 0.0, parking 0.0",0.1,1,1,0.01,12,0.005,0.015,0.005,0.0,0.0,0.0,0.0,0.0,0.0,0.0,5.0,5.2,3.92,0.75,2.0,0.05,0.05,cost,2.0,0.1,
12 + fiscal policy and VAT,sumsy,512,128,4,4,4,0,shareholders,48,true,1,160,0.0,0.0,0.0,0.06,0.0,0.1,0.0,false,3,scale,"income -3.0, consumption 0.0, wealth 0.0, profit 0.0, parking 0.0",0.0,1,1,0.0,1,0.005,0.015,0.005,5.0,30.0,0.02,0.01,0.5,1.5,0.0,5.0,5.2,3.92,0.75,2.0,0.05,0.05,cost,2.0,0.1,
S1 rung 11 + greedy quarter,debt,512,128,4,4,4,0,shareholders,48,true,1,160,0.15,0.15,0.3,0.0,0.0,0.1,2.0,true,3,none,,0.1,1,1,0.01,12,0.005,0.015,0.005,0.0,0.0,0.0,0.0,0.0,0.0,0.0,5.0,5.2,3.92,0.75,2.0,0.05,0.05,cost,2.0,0.1,"25 % greedy, hoarding 0.5"
S1 rung 11 + greedy quarter,sumsy,512,128,4,4,4,0,shareholders,48,true,1,160,0.0,0.0,0.0,0.0,0.0,0.1,0.0,false,3,none,,0.0,1,1,0.0,1,0.005,0.015,0.005,5.0,30.0,0.02,0.01,0.5,1.5,0.0,5.0,5.2,3.92,0.75,2.0,0.05,0.05,cost,2.0,0.1,"25 % greedy, hoarding 0.5"
S2 rung 12 + greedy quarter,debt,512,128,4,4,4,0,shareholders,48,true,1,160,0.15,0.15,0.3,0.06,0.0,0.1,2.0,true,3,scale,"income -3.0, consumption 0.0, wealth 0.0, profit 0.0, parking 0.0",0.1,1,1,0.01,12,0.005,0.015,0.005,0.0,0.0,0.0,0.0,0.0,0.0,0.0,5.0,5.2,3.92,0.75,2.0,0.05,0.05,cost,2.0,0.1,"25 % greedy, hoarding 0.5"
S2 rung 12 + greedy quarter,sumsy,512,128,4,4,4,0,shareholders,48,true,1,160,0.0,0.0,0.0,0.06,0.0,0.1,0.0,false,3,scale,"income -3.0, consumption 0.0, wealth 0.0, profit 0.0, parking 0.0",0.0,1,1,0.0,1,0.005,0.015,0.005,5.0,30.0,0.02,0.01,0.5,1.5,0.0,5.0,5.2,3.92,0.75,2.0,0.05,0.05,cost,2.0,0.1,"25 % greedy, hoarding 0.5"
S3 rung 11 + everyone greedy,debt,512,128,4,4,4,0,shareholders,48,true,1,160,0.15,0.15,0.3,0.0,0.0,0.1,2.0,true,3,none,,0.1,1,1,0.01,12,0.005,0.015,0.005,0.0,0.0,0.0,0.0,0.0,0.0,0.0,5.0,5.2,3.92,0.75,2.0,0.05,0.05,cost,2.0,0.1,"100 % greedy, hoarding 0.5"
S3 rung 11 + everyone greedy,sumsy,512,128,4,4,4,0,shareholders,48,true,1,160,0.0,0.0,0.0,0.0,0.0,0.1,0.0,false,3,none,,0.0,1,1,0.0,1,0.005,0.015,0.005,5.0,30.0,0.02,0.01,0.5,1.5,0.0,5.0,5.2,3.92,0.75,2.0,0.05,0.05,cost,2.0,0.1,"100 % greedy, hoarding 0.5"
S4 rung 12 + everyone greedy,debt,512,128,4,4,4,0,shareholders,48,true,1,160,0.15,0.15,0.3,0.06,0.0,0.1,2.0,true,3,scale,"income -3.0, consumption 0.0, wealth 0.0, profit 0.0, parking 0.0",0.1,1,1,0.01,12,0.005,0.015,0.005,0.0,0.0,0.0,0.0,0.0,0.0,0.0,5.0,5.2,3.92,0.75,2.0,0.05,0.05,cost,2.0,0.1,"100 % greedy, hoarding 0.5"
S4 rung 12 + everyone greedy,sumsy,512,128,4,4,4,0,shareholders,48,true,1,160,0.0,0.0,0.0,0.06,0.0,0.1,0.0,false,3,scale,"income -3.0, consumption 0.0, wealth 0.0, profit 0.0, parking 0.0",0.0,1,1,0.0,1,0.005,0.015,0.005,5.0,30.0,0.02,0.01,0.5,1.5,0.0,5.0,5.2,3.92,0.75,2.0,0.05,0.05,cost,2.0,0.1,"100 % greedy, hoarding 0.5"
B best SuMSy village: co-ops + prices + reserve,debt,512,128,4,4,4,6,mixed,24,true,1,160,0.15,0.15,0.3,0.0,0.0,0.1,2.0,true,3,none,,0.1,1,1,0.01,12,0.005,0.015,0.005,0.0,0.0,0.0,0.0,0.0,0.0,0.0,5.0,5.2,3.92,0.75,2.0,0.05,0.05,cost,2.0,0.1,
B best SuMSy village: co-ops + prices + reserve,sumsy,512,128,4,4,4,6,mixed,24,true,1,160,0.0,0.0,0.0,0.0,0.0,0.1,0.0,false,3,none,,0.0,1,1,0.0,1,0.005,0.015,0.005,5.0,30.0,0.02,0.01,0.5,1.5,0.0,5.0,5.2,3.92,0.75,2.0,0.05,0.05,cost,2.0,0.1,
SB1 best SuMSy + greedy quarter,debt,512,128,4,4,4,6,mixed,24,true,1,160,0.15,0.15,0.3,0.0,0.0,0.1,2.0,true,3,none,,0.1,1,1,0.01,12,0.005,0.015,0.005,0.0,0.0,0.0,0.0,0.0,0.0,0.0,5.0,5.2,3.92,0.75,2.0,0.05,0.05,cost,2.0,0.1,"25 % greedy, hoarding 0.5"
SB1 best SuMSy + greedy quarter,sumsy,512,128,4,4,4,6,mixed,24,true,1,160,0.0,0.0,0.0,0.0,0.0,0.1,0.0,false,3,none,,0.0,1,1,0.0,1,0.005,0.015,0.005,5.0,30.0,0.02,0.01,0.5,1.5,0.0,5.0,5.2,3.92,0.75,2.0,0.05,0.05,cost,2.0,0.1,"25 % greedy, hoarding 0.5"
SB2 best SuMSy + everyone greedy,debt,512,128,4,4,4,6,mixed,24,true,1,160,0.15,0.15,0.3,0.0,0.0,0.1,2.0,true,3,none,,0.1,1,1,0.01,12,0.005,0.015,0.005,0.0,0.0,0.0,0.0,0.0,0.0,0.0,5.0,5.2,3.92,0.75,2.0,0.05,0.05,cost,2.0,0.1,"100 % greedy, hoarding 0.5"
SB2 best SuMSy + everyone greedy,sumsy,512,128,4,4,4,6,mixed,24,true,1,160,0.0,0.0,0.0,0.0,0.0,0.1,0.0,false,3,none,,0.0,1,1,0.0,1,0.005,0.015,0.005,5.0,30.0,0.02,0.01,0.5,1.5,0.0,5.0,5.2,3.92,0.75,2.0,0.05,0.05,cost,2.0,0.1,"100 % greedy, hoarding 0.5"
"E2 + government, full money stock",debt,512,128,4,4,0,0,none,0,false,1,0,0.0,0.0,0.3,0.0,0.0,0.0,0.0,false,0,none,,0.0,1,1,0.0,1,0.005,0.015,0.005,0.0,0.0,0.0,0.0,0.0,0.0,0.0,5.0,5.2,3.92,0.75,2.0,0.05,0.05,none,1.3,0.0,
"E2 + government, full money stock",sumsy,512,128,4,4,0,0,none,0,false,1,0,0.0,0.0,0.0,0.0,0.0,0.1,0.0,false,0,none,,0.0,1,1,0.0,1,0.005,0.015,0.005,5.0,30.0,0.02,0.01,0.5,1.5,0.0,6.75,7.0200000000000005,5.292,1.0125000000000002,2.7,0.05,0.05,none,1.3,0.1,
"E8 + shareholders & share market, full money stock",debt,512,128,4,4,0,0,none,0,false,1,0,0.0,0.0,0.3,0.0,0.0,0.0,0.0,false,0,none,,0.0,1,1,0.0,1,0.005,0.015,0.005,0.0,0.0,0.0,0.0,0.0,0.0,0.0,5.0,5.2,3.92,0.75,2.0,0.05,0.05,none,1.3,0.0,
"E8 + shareholders & share market, full money stock",sumsy,512,128,4,4,4,0,shareholders,48,true,1,160,0.0,0.0,0.0,0.0,0.0,0.1,0.0,false,0,none,,0.0,1,1,0.0,1,0.005,0.015,0.005,5.0,30.0,0.02,0.01,0.5,1.5,0.0,6.75,7.0200000000000005,5.292,1.0125000000000002,2.7,0.05,0.05,none,1.3,0.1,
"E11 + government reserve, full money stock",debt,512,128,4,4,0,0,none,0,false,1,0,0.0,0.0,0.3,0.0,0.0,0.0,0.0,false,0,none,,0.0,1,1,0.0,1,0.005,0.015,0.005,0.0,0.0,0.0,0.0,0.0,0.0,0.0,5.0,5.2,3.92,0.75,2.0,0.05,0.05,none,1.3,0.0,
"E11 + government reserve, full money stock",sumsy,512,128,4,4,4,0,shareholders,48,true,1,160,0.0,0.0,0.0,0.0,0.0,0.1,0.0,false,3,none,,0.0,1,1,0.0,1,0.005,0.015,0.005,5.0,30.0,0.02,0.01,0.5,1.5,0.0,6.75,7.0200000000000005,5.292,1.0125000000000002,2.7,0.05,0.05,cost,2.0,0.1,
"EB best SuMSy village, full money stock",debt,512,128,4,4,0,0,none,0,false,1,0,0.0,0.0,0.3,0.0,0.0,0.0,0.0,false,0,none,,0.0,1,1,0.0,1,0.005,0.015,0.005,0.0,0.0,0.0,0.0,0.0,0.0,0.0,5.0,5.2,3.92,0.75,2.0,0.05,0.05,none,1.3,0.0,
"EB best SuMSy village, full money stock",sumsy,512,128,4,4,4,6,mixed,24,true,1,160,0.0,0.0,0.0,0.0,0.0,0.1,0.0,false,3,none,,0.0,1,1,0.0,1,0.005,0.015,0.005,5.0,30.0,0.02,0.01,0.5,1.5,0.0,6.75,7.0200000000000005,5.292,1.0125000000000002,2.7,0.05,0.05,cost,2.0,0.1,
"X1 SuMSy money, debt fiscal package (comparison)",sumsy,512,128,4,4,4,0,shareholders,48,true,1,160,0.15,0.15,0.3,0.0,0.0,0.1,2.0,false,3,none,,0.0,1,1,0.0,1,0.005,0.015,0.005,5.0,30.0,0.02,0.0,0.5,1.5,0.0,5.0,5.2,3.92,0.75,2.0,0.05,0.05,cost,2.0,0.1,
"X2 debt money, SuMSy fiscal package (comparison)",debt,512,128,4,4,4,0,shareholders,48,true,1,160,0.0,0.0,0.0,0.0,0.0,0.1,0.0,true,3,none,,0.1,1,1,0.01,12,0.005,0.015,0.005,0.0,0.0,0.0,0.0,0.0,0.0,0.0,5.0,5.2,3.92,0.75,2.0,0.05,0.05,cost,2.0,0.1,
